"content","pos","meaning","examples","collocations","mode"
"Gasp for breath","v. phr.","喘氣；呼吸困難","She came to the surface, **gasping for breath** after being underwater for a minute.","** 常用於劇烈運動後或溺水時","recognition"
"suggest / recommend / advise","","建議 (動詞三兄弟用法：suggest, recommend, advise)","","","production"
"have a knack for","v. phr.","有...的本領/天賦","He **has a knack for** making people feel uncomfortable with his awkward jokes.","** have a knack for + N.|V-ing","recognition"
"blessing","","生活中的福音/好處","","** 指帶來快樂或好處的人事物","production"
"cryptographically","adv.","加密地","The data is **cryptographically** secured to ensure that only authorized users can access it.","** crypto- (秘密|加密) + -graphy (書寫)","recognition"
"catch someone red-handed","phr.","當場被逮住","The thief was **caught red-handed** while trying to break into the car.","** 指在犯罪或做錯事現場被抓到","recognition"
"nothing short of","phr.","簡直就是；不亞於","The team's victory in the championship was **nothing short of** a miracle.","** 強調程度，表示「除了...之外別無其他」","recognition"
"pay homage to","v. phr.","向...致敬","The movie's opening scene **pays homage to** classic films of the 1950s.","** 常指在藝術作品中向先輩致敬","recognition"
"It is high time that...","grammar","該是時候做某事了","**It is high time that** we **started** studying for the final exam.","","recognition"
"haute","adj.","高級的；上流的","The magazine features the latest trends in **haute** couture from Paris.","** haute couture (高級訂製服)|haute cuisine (高級料理)","recognition"
"radioactive","adj.","具有放射性的","The waste from the power plant is highly **radioactive** and must be handled with care.","** radioactive decay (放射性衰變)","recognition"
"exoplanets","n.","系外行星","Astronomers are using advanced telescopes to search for **exoplanets** that could support life.","** exo- (外部) + planet (行星)","recognition"
"attentive to","adj. phr.","體貼的；專注於...的需求","A good nurse must be **attentive to** the needs of their patients.","** attend (參加|照顧) 的形容詞，指細心觀察並照顧","recognition"
"apocalyptic weapons","n. phr.","末日武器","The novel describes a future world destroyed by **apocalyptic weapons**.","** apocalypse (世界末日)","recognition"
"last-minute studying / cramming","","臨時抱佛腳","","** cram (塞進去|死記硬背)","production"
"be linked to / be connected to / be related to","","與...有關聯；與...連結","","** 三者皆可表示關聯，介係詞均搭配 to","production"
"Provenance","n.","(藝術品/文物)出處；起源","The museum is investigating the **provenance** of the painting to ensure it wasn't stolen.","** 常用於藝術或法律，追溯物品的來源歷史","recognition"
"be mapped to","v. phr.","映射至；對應至","In the software, each button can **be mapped to** a specific function.","** 常見於資訊科學或數學領域","recognition"
"provoke controversy","v. phr.","引起爭議","The artist's latest installation **provoked** a lot of **controversy** in the art world.","","recognition"
"legal ground for to V","n. phr.","做某事的法律依據/正當理由","The lawyer argued that there were no **legal grounds** to arrest his client.","** ground 通常用複數 grounds 指「理由|根據」","recognition"
"with flying colors","phr.","出色地；大獲全勝","She passed her driving test **with flying colors**.","** 常用於 pass the exam with flying colors","recognition"
"identify with","v. phr.","認同；對...產生共鳴","Readers often **identify with** the main character's struggle for freedom.","** 指對某人的情感或處境感同身受","recognition"
"at sea","phr.","茫然；不知所措","I’m all **at sea** with these new computer programs.","** 像是在海上迷失方向一樣無助","recognition"
"in the ballpark of","phr.","大約；大概的範圍","The cost for the new research equipment is **in the ballpark of** one million dollars.","** 原指球場範圍內，引申為預估的數字範圍","recognition"
"smoke-free","","無菸的","","** -free 結尾表示「沒有...的」","production"
"surrogate","n.","代理人；替代品","She served as a **surrogate** mother for the couple who couldn't conceive.","** surrogate mother (代孕母親)|surrogate for (某人的代理人)","recognition"
"That story won't wash","phr.","那個說法站不住腳/沒人會信","The boss told him that his excuse for being late **won't wash**.","** wash 在此指「能被接受|經得起檢驗」","recognition"
"launch a boycott","v. phr.","發起抵制","Environmental groups **launched a boycott** against the company for polluting the river.","** launch (啟動) + boycott (聯合抵制行動)","recognition"
"call into question","v. phr.","提出、引起質疑","The failure of the experiment **calls into question** the validity of the entire theory.","** 將某事帶入受質疑的狀態","recognition"
"warping","n./v.","彎曲；變形","Heat can cause **warping** in wooden doors, making them difficult to close.","** 指因熱或壓力導致的形狀扭曲","recognition"
"go after","v. phr.","追求；追捕","The police decided to **go after** the suspect through the dark alley.","** go after a dream|go after a criminal","recognition"
"mariner","n.","水手；船員","The ancient **mariner** used the stars to navigate the vast ocean.","** 現在較常用於文學或歷史背景","recognition"
"address concerns of","v. phr.","處理...的擔憂；回應...的訴求","The mayor held a meeting to **address the concerns of** local residents.","** address 在此動詞意為「處理；應對」","recognition"
"come to terms with","v. phr.","達成和解；接受（不快的事實）","It took her a long time to **come to terms with** the death of her pet.","** 常指在心理上接受不幸的處境","recognition"
"temporal consistency","n. phr.","時間連貫性","Video AI must maintain **temporal consistency** to prevent flickering between frames.","** 常見於影像處理或 AI 領域，指影格間的穩定度","recognition"
"stands as a powerful testament that...","","有力地證明了...","","** testament (證明|證據)；比 proves that 高級許多","production"
"be devoid of","phr.","缺乏；全然沒有","The desert landscape seemed completely **devoid of** any life.","** 強調「完全沒有」的狀態","recognition"
"cardiac arrest","n.","心跳停止；心臟驟停","The runner collapsed from **cardiac arrest** just meters from the finish line.","** go into cardiac arrest","recognition"
"Experts warn that...","","專家提出警告 (現狀/事實)","","** 描述常態性事實或現狀，建議使用現在式 warn","production"
"keep a straight face","v. phr.","憋住笑；保持表情嚴肅","It was hard to **keep a straight face** when my brother started dancing clumsily.","** 指想笑卻必須忍住的樣子","recognition"
"squeak","n./v.","吱吱叫聲；嘎吱聲","The old wooden door opened with a loud **squeak**.","** 常指老鼠叫聲或金屬|木頭摩擦聲","recognition"
"be on the horizon","phr.","即將發生；在望","Scientists believe that a cure for this disease may **be on the horizon**.","** 指某事即將出現或發生","recognition"
"self-assessment","","自我檢視；自省","","** assess (評估) -> assessment (名詞)","production"
"circular pedestal","n.","圓形基座","The statue was placed on a **circular pedestal** in the center of the hall.","** pedestal (底座；基座)","recognition"
"chauvinist","n.","大男人主義者；沙文主義者(盲目愛國者)","His **chauvinist** attitude towards his female colleagues was widely criticized.","** male chauvinist (大男人主義)；也指極端的愛國主義","recognition"
"frontier","n.","邊疆；邊界；(學問的)前沿","AI researchers are constantly pushing the **frontier** of what machines can understand.","** the frontier of knowledge|science","recognition"
"dress code","n.","穿著守則；著裝規範","The company has a strict **dress code** that requires employees to wear business suits.","** follow|observe the dress code","recognition"
"affiliative","adj.","親和的；聯繫性的","Laughter is an **affiliative** behavior that helps strengthen social bonds.","** 在心理學或社會學中，指旨在建立聯繫的行為","recognition"
"tiller","n.","舵柄；耕耘機","The sailor gripped the **tiller** firmly to keep the boat on course.","** 指控制船舵的柄","recognition"
"borrow ... from","","向...借...","","** borrow (借入)；固定搭配 from","production"
"wear on","v. phr.","(時間) 慢慢流逝","As the hours **wore on**, I became increasingly bored with the lecture.","** 常帶有「時間過得很慢且讓人不耐煩」的感覺","recognition"
"evoke","v.","喚起；引起","The old photographs **evoked** memories of her childhood in the countryside.","","recognition"
"be supportive of","","支持...","","** supportive (支持的)；介係詞用 of","production"
"as + 助動詞 + 主詞","grammar","也... (倒裝用法)","Many students love physics, **as do** the professors in the department.","** 這是正式書寫中的倒裝句，代表前面提到的情況也適用於後者","recognition"
"At a cursory glance","","粗略一看；乍看之下","","** cursory (草率的|粗略的)","production"
"entrenched","adj.","entrenched [adj.]","It is difficult to change **entrenched** habits that have been formed over decades.","** entrenched sexism (根深蒂固的性別歧視)|**  (develop bad habits)","recognition"
"oppose / be against / object to","","反對","","** oppose 後接受詞；object 後接 to + N.|Ving","production"
"bully one's way back into the limelight","","強行重回鎂光燈焦點","","** bully one's way (強行開路)","production"
"forensic","adj.","法醫的；法庭的","**Forensic** evidence was used to identify the suspect in the criminal case.","** forensic science (法醫科學)","recognition"
"culinary","adj.","烹飪的；廚房的","She decided to pursue her **culinary** interests by attending a chef's school.","** culinary skills|culinary arts","recognition"
"wear away","v. phr.","逐漸磨損；侵蝕","The wind and rain have **worn away** the inscriptions on the old tombstone.","","recognition"
"record-breaking","","破紀錄的","","** 形容詞，常用於運動或數據表現","production"
"step down","v. phr.","下台；辭職","The CEO decided to **step down** after the company's financial scandal was revealed.","** 指從重要職位退位","recognition"
"dole out","v. phr.","發放；施捨","The charity began to **dole out** food and blankets to the refugees.","** 常指少量分發或例行性發放","recognition"
"cast doubt on","v. phr.","使人對...產生懷疑","New evidence has **cast doubt on** the witness's original testimony.","** 字面意為「在...上投下陰影(懷疑)」","recognition"
"in the wake of","phr.","緊接在...之後；作為...的結果","New security measures were implemented **in the wake of** the terrorist attack.","** 常用於描述災難或重大事件後的後續情況","recognition"
"reap a profit from sth.","v. phr.","獲利；賺取利潤","Investors hope to **reap a** significant **profit** from the new tech startup.","** reap 原指「收割」，在此比喻獲得結果|** reap the rewards","recognition"
"revoke","v.","撤銷；廢除","The driver's license was **revoked** after he was caught driving under the influence.","** 指正式取消某種權利、法律或許可證|** revoke a license|revoke a law","recognition"
"verge on","phr.","接近於；瀕於","His obsession with cleanliness **verges on** a mental disorder.","** 指某狀況接近某種極端境界","recognition"
"the Seven Wonders of the World","","世界七大奇景","","","production"
"ostensible","adj.","表面上的；假稱的","Their **ostensible** goal was to clean the beach, but they really just wanted to hang out.","** 指表面名義與實際動機不符","recognition"
"be shrouded in","v. phr.","被...壟罩；遮蓋","The mountain peaks **were shrouded in** mist all morning.","** shroud (n. 裹屍布；v. 遮蔽)","recognition"
"wear out","v. phr.","用到壞；累垮","The kids **wore out** their shoes within a few months of playing soccer.","","recognition"
"reached a stalemate","v. phr.","陷入僵局","The negotiations **reached a stalemate** when neither side would compromise.","** 原指西洋棋中的和局僵持狀態","recognition"
"whine","n./v.","哀鳴聲；抱怨","The dog let out a long **whine** because it wanted to go for a walk.","** 指高頻率的哀鳴或令人厭煩的抱怨","recognition"
"see eye to eye","v. phr.","意見一致","They don't always **see eye to eye** on political issues.","** see eye to eye with someone (與某人見解相同)","recognition"
"half a day","","半天","","** 英文慣用法，指半天的時間","production"
"avatars","n.","(網路)化身；虛擬角色","In the metaverse, people interact through digital **avatars** that represent their personalities.","** 指在遊戲或虛擬世界中代表自己的圖像或人物","recognition"
"overhaul","v./n.","徹底檢修；大改造","The government plans to **overhaul** the healthcare system to improve efficiency.","** 指對系統或機器進行全面檢查與翻修","recognition"
"Not to be outdone","","不甘示弱","","** 常置於句首，用逗號隔開，表示「為了不被比下去」","production"
"replete with","adj. phr.","充滿；裝滿（各種事物）","The historical novel is **replete with** fascinating details about the Qing Dynasty.","","recognition"
"instigate","v.","煽動；著手進行；發起","The government has promised to **instigate** an inquiry into the cause of the crash.","** 常指發起計畫、調查或煽動叛亂","recognition"
"airwaves","n. pl.","無線電波；廣播頻道","The president's speech was broadcast over the **airwaves** nationwide.","** take to the airwaves (在廣播|電視上發表)","recognition"
"paleontologist","n.","古生物學家","The **paleontologist** spent months excavating the dinosaur fossils.","** paleo- (古) + onto- (存在) + -logist","recognition"
"global village","","地球村","","** 描述全球化聯繫緊密的世界","production"
"be at odds with","phr.","與...不和；與...衝突","His behavior **is at odds with** the principles he claims to support.","** 指兩者想法、利益或事實產生分歧","recognition"
"remote","adj.","(可能性) 極小；偏僻的","The **probability** of winning the lottery remains **remote**.","** 常用於 a remote possibility|remote chance","recognition"
"augmented","adj.","增強的；擴張的","The surgeon used **augmented** reality to guide the complex operation.","** Augmented Reality (AR) 擴增實境","recognition"
"suffice to","v. phr.","足以...","A simple ""thank you"" will **suffice to** show your appreciation.","** suffice to say (足以說明；只需說...就夠了)","recognition"
"innards","n.","內臟；內部結構","The mechanic had to take apart the engine to fix its **innards**.","** 常用於口語，指機器或生物的內部","recognition"
"soaring","adj.","高聳的；翱翔的","The **soaring** rock formations in the Grand Canyon are a magnificent sight.","** soaring prices (飆升的物價)|soaring mountains (高聳的山山)","recognition"
"be absorbed in","","全神貫注於...","","** absorbed (被吸收的|極感興趣的)","production"
"flummoxed","adj.","困惑的；不知所措的","The students were completely **flummoxed** by the difficult exam questions.","","recognition"
"antagonist","n.","對手；反面人物","The hero must face a powerful **antagonist** to save the city.","** 在文學中指主角 (protagonist) 的對手","recognition"
"gave away","v. phr.","洩漏；露出破綻","The perceptual tells that once **gave away** synthetic voices have largely disappeared.","** 這裡指「揭露了真實身分(破綻)」，而非贈送","recognition"
"come into effect","v. phr.","生效；開始實施","The new tax law will **come into effect** from the first of January.","** 常指法律、合約或政策正式運作","recognition"
"indecency","n.","下流；無禮；猥褻","The actor was criticized for public **indecency** during the live broadcast.","** public indecency (妨害風化)","recognition"
"be fast asleep","adj. phr.","熟睡中","The baby was **fast asleep** in the crib, unaware of the noise outside.","** fast 在此指「牢固地|徹底地」","recognition"
"take sth. with a grain of salt","v. phr.","對某事持保留態度；不要全然相信","You should **take his promises with a grain of salt**; he rarely keeps them.","** 也可以說 take with a pinch of salt","recognition"
"maintain impartiality","v. phr.","保持公正；不偏不倚","A judge must **maintain** strict **impartiality** throughout the trial.","** im- (不) + partial (偏袒的)","recognition"
"tenuous","adj.","稀薄的；微弱的","The planet's wispy atmosphere is **tenuous** at best, making life unlikely.","** 常形容大氣稀薄或關係脆弱","recognition"
"provoke","v.","挑釁；激發；引起","The government's new policy **provoked** widespread protests across the nation.","","recognition"
"inaugurated","v.","開創；舉行就職典禮","The city **inaugurated** a new subsidy program to encourage green energy.","** 用於正式啟動計畫或人物就職","recognition"
"vantage","n.","優勢地位；有利位置","From my **vantage** point on the hill, I could see the entire city below.","** vantage point (制高點；觀點)","recognition"
"feed on","v. phr.","以...為食","Owls primarily **feed on** small rodents and insects.","** 後接食物來源","recognition"
"終身地；畢生","","終身地；畢生","","** throughout 為介係詞，表示貫穿整個時期","production"
"potassium","n.","鉀","Bananas are a great source of **potassium**, which is essential for muscle function.","","recognition"
"talent show","","才藝表演","","** talent (天賦|才華)","production"
"medication patch","n.","藥貼；藥布","The doctor prescribed a **medication patch** to deliver the painkiller through the skin.","** apply a patch to the skin","recognition"
"born blind and deaf","","天生盲聾","","** be born + 形容詞 (表示出生時的狀態)","production"
"franchise","n.","特許經營權；經銷權","He decided to open a fast-food **franchise** in his hometown.","** a movie franchise (系列電影)","recognition"
"be green with envy","phr.","非常嫉妒","When she saw her sister's new promotion, she was **green with envy**.","** 用顏色「綠色」形容嫉妒、眼紅","recognition"
"angry / mad / furious / irritated / disturbed","","生氣與煩躁的搭配詞 (angry, mad, furious, irritated, disturbed)","","","production"
"robust","adj.","強勁的；堅固的；健壯的","The company reported **robust** earning growth despite the economic downturn.","** robust growth (強勁增長)|a robust system","recognition"
"by virtue of","phr.","憑藉著；因為","She got the job **by virtue of** her extensive experience in marketing.","** 指靠著某種特質或優勢","recognition"
"criminal purposes","","犯罪 n.","","** criminal (犯罪的)","production"
"enameled","adj.","塗了琺瑯的；搪瓷的","The antique watch featured an **enameled** dial with intricate floral patterns.","** enamel (n.) 琺瑯；指塗有光澤保護層的技術","recognition"
"recess","n.","課間休息；(議會) 休會","The children ran out to play as soon as the **recess** bell rang.","** 常指短暫的休息時間","recognition"
"In light of","phr.","考慮到；鑒於","**In light of** recent events, we have decided to postpone the meeting.","** 常用於決定某事時的背景考量","recognition"
"churn","v.","劇烈攪動；翻騰","The violent storm caused the ocean waters to **churn** uncontrollably.","** 常形容液體劇烈運動","recognition"
"make ends meet","v. phr.","make ends meet [v. phr.]","With the rising cost of living, it’s hard for many families to **make ends meet**.","** 字面意思是「讓收入與支出的兩端接上」","recognition"
"volatile","adj.","易揮發的；不穩定的","The stock market is extremely **volatile** due to the political instability.","** 易揮發性的化學物質；或是指情緒|局勢不穩","recognition"
"sink one's differences","v. phr.","撇開分歧；不再爭論","The two political parties agreed to **sink their differences** to form a coalition government.","** 為了共同目標而暫時放下不合","recognition"
"circumstantial evidence","n.","間接證據；情況證據","Without a witness, the case relies entirely on **circumstantial evidence**.","","recognition"
"expedite","v.","加快進度；加速","We can pay an extra fee to **expedite** the delivery of our passports.","** 比 speed up 更正式的說法","recognition"
"經濟衰退","","經濟衰退","","","production"
"perceptual","adj.","感知的；感覺的","The artist uses shadows to create a **perceptual** illusion of depth.","** perceptual ability (感知能力)","recognition"
"fail to recognize the importance of...","","忽略...的重要性","","** recognize (認可|意識到)；用 fail to 比 ignore 更正式","production"
"baffle","v.","使困惑；難倒","The complex mystery continued to **baffle** even the most experienced detectives.","** be baffled by sth. (對某事感到困惑)","recognition"
"mysteries","","謎團 (注意：可數)","","** mystery (神秘的事物|謎團)","production"
"tweak","v.","微調；稍微改進","We need to **tweak** the settings slightly to get the best performance.","** 指為了更好的結果而做的小更動","recognition"
"inured to","adj. phr.","習慣於（令人不快的事物）","Doctors and nurses often become **inured to** the sight of blood and suffering.","** 進階搭配，指因長期接觸而對痛苦、困難變得麻木或適應","recognition"
"put an end to","v. phr.","終結；廢止","The new law was designed to **put an end to** illegal street racing.","** 比單純的 stop 更具決心與正式感","recognition"
"contingent on","adj. phr.","contingent on [adj. phr.]","Our outdoor wedding plans are **contingent on** the weather.","** 強調某事發生的前提條件","recognition"
"It is kind of sb. to V / be kind to / kind of","","kind 的三種用法 (體貼/友善/有點)","","","production"
"invoke","v.","invoke [v.]","The lawyer **invoked** the right to remain silent to protect his client.","** 指引用法律、原則作為依據，或祈求神靈保佑|** invoke a law|invoke a spirit","recognition"
"democratized","v.","大眾化；普及化","Smartphones have **democratized** photography, allowing everyone to take high-quality photos.","** 指讓原本昂貴或稀少的東西變得人人可得","recognition"
"press conference","","記者會","","** press (新聞界|媒體)","production"
"conclude","v.","conclude [v.]","After months of negotiation, the two countries finally **concluded** a peace treaty.","** 除了「結束」與「推論」，在此指正式簽署文件","recognition"
"ignite","v.","點燃；激起","The speaker's passionate words **ignited** a sense of hope in the audience.","** 可指物理點燃火種，也可指激發情緒或辯論|**  (spark a heated debate),  (spark controversy)","recognition"
"forestall","v.","預防；先發制人","The government took quick action to **forestall** an economic crisis.","** 在某事發生前先行動以阻止其發生","recognition"
"monumental","adj.","巨大的；紀念碑般的；重大的","Building the pyramid was a **monumental** task that required thousands of workers.","","recognition"
"unsynchronized","adj.","不同步的","The **unsynchronized** flashing of the lights was quite distracting.","** syn- (共同) + chron (時間)","recognition"
"raise goose bumps","v. phr.","起雞皮疙瘩","The ghost story was so scary that it **raised goose bumps** all over my arms.","** 常因寒冷或恐懼而起","recognition"
"paved the way for","","為...鋪路；使（某事）能夠發生","","** 比 enable sth. 更有畫面感|**  (technological advancement)","production"
"be rife with","phr.","充滿了 (負面事物)","The local government's history **is rife with** corruption and scandals.","","recognition"
"the barrage of","phr.","連珠炮般的...；大量的...","The spacecraft was designed to withstand **the barrage of** the solar wind.","** a barrage of criticism|questions|solar wind","recognition"
"hit the sack","v. phr.","睡覺","I’ve had a very long day at work, so I think it's time to **hit the sack**.","** 非正式、生活化的說法","recognition"
"sound foundation of","n. phr.","...的穩固基礎","The student has a **sound foundation** of basic mathematics.","** sound 在此為形容詞「穩固的；健全的」","recognition"
"shortfall","n.","不足；差額","The school had to cancel the trip due to a funding **shortfall**.","** a shortfall in|of sth. (某物短缺)","recognition"
"vulture","n.","禿鷹；貪婪的人","The **vulture** circled high above the desert, searching for its next meal.","** feed on carrion (以腐肉為食)","recognition"
"A precede B","v.","A 在 B 之前發生(或位置在前)","In English grammar, an adjective usually **precedes** the noun it describes.","** A precedes B = A 先，B 後","recognition"
"line of business","n. phr.","行業","Can you tell me which **line of business** you are currently engaged in?","** be engaged in a line of business","recognition"
"lucid","adj.","清晰易懂的；神智清醒的","The professor gave a **lucid** explanation of the complex physical theory.","** 指表達非常明瞭，或指人在生病中恢復意識","recognition"
"the + River Name","","河流名稱的冠詞用法","","","production"
"pseudonym","n.","假名；筆名","The author wrote her first novel under a **pseudonym** to remain anonymous.","** pseudo- (假的) + -nym (名字)","recognition"
"garb","n.","服裝；裝束","The monk was dressed in traditional saffron **garb**.","** in religious|military garb","recognition"
"defibrillate","v.","電擊；除顫","Paramedics used an AED to **defibrillate** the patient's heart.","** defibrillator (除顫器)","recognition"
"glean","v.","蒐集；汲取 (信息或知識)","From the old records, the historian managed to **glean** some valuable information.","** glean information|glean insights|** 指費力地從小處蒐集","recognition"
"scorched craters","n. phr.","焦黑的坑洞","The surface of the planet is covered in **scorched craters** from constant impacts.","","recognition"
"swallow one's pride","v. phr.","放下自尊；忍氣吞聲","He had to **swallow his pride** and ask his parents for a loan.","** 為了現實考量而收起傲氣","recognition"
"trumpet","n./v.","杏鮑菇(king trumpet)；小喇叭","The **king trumpet mushroom** is known for its thick, meaty stem.","** king trumpet mushroom 指杏鮑菇；trumpet 亦可作動詞指「大聲宣告」","recognition"
"a mine of information","n. phr.","(知識/資訊的) 寶庫；豐富來源","My grandfather is a **mine of information** about the history of our town.","** mine 原指礦坑，比喻挖掘不盡的資源","recognition"
"achievement presentation / showcase / Project Presentation","","成果發表會 / 專題發表","","** showcase (展示會)；Project Presentation (專題發表)","production"
"all walks of life","","各行各業","","** walk of life (階層|行業)","production"
"取決於...；視...而定","","取決於...；視...而定","","** pair with 'on'，意同 be dependent on","production"
"wispy","adj.","纖細的；稀疏的","The sky was filled with **wispy** clouds that looked like feathers.","** wisp (一縷|一束)","recognition"
"pride oneself on","","以...自豪","","** pride 在此為動詞，介係詞搭配 on","production"
"pester","","不斷纏著；煩擾","","** pester sb. for sth.|to V.","production"
"figurative","adj.","比喻的；象徵性的","The phrase ""heart of gold"" is a **figurative** expression, not a literal one.","** 相對於 literal (字面上的)","recognition"
"jeopardized","v.","使受威脅；危及","His reckless behavior **jeopardized** the success of the entire mission.","","recognition"
"musical instruments","","樂器","","** musical (音樂的)；instrument (儀器|樂器)","production"
"poignant","adj.","鼻酸的；深刻的；強烈感人的","The movie's ending was so **poignant** that many people left the theater in tears.","** 常形容悲傷、憐憫或痛苦的感受","recognition"
"understatement","n.","輕描淡寫；含蓄的說法","To say the exam was ""a bit difficult"" is a massive **understatement**—it was impossible.","** 指實際情況遠比所說的嚴重或巨大","recognition"
"respiratory","adj.","呼吸系統的","Smoking can cause various **respiratory** diseases, such as lung cancer.","** respiratory tract (呼吸道)","recognition"
"get over the shock of","","從...的震驚中恢復/平復","","** get over (克服|恢復)","production"
"對...有益","","對...有益","","","production"
"lose heart / allow one's spirit to be daunted","","喪氣；氣餒","","** daunted (被嚇住的|氣餒的)","production"
"reputation in tatters","n. phr.","名譽掃地；聲名浪藉","After the scandal broke, the politician's **reputation** was **in tatters**.","** tatters 指「破爛的碎布」，形容名聲毀壞殆盡","recognition"
"convoluted","adj.","複雜難懂的；旋繞的","I couldn't follow the movie because the plot was too **convoluted**.","** 指邏輯或結構像迷宮一樣複雜","recognition"
"food is served / food is ordered","","飯菜做好了 (可開動) / 餐點點好了","","** served (上菜)；ordered (點餐)","production"
"in its infant stage","phr.","處於嬰兒期；處於起步階段","The field of quantum computing is still **in its infant stage**.","** 用 infant (嬰兒) 形容技術或計畫剛開始","recognition"
"online fraud","","網路詐欺","","** fraud (詐騙)","production"
"Mercury","n.","水星","**Mercury** is the smallest planet in our solar system and the closest to the Sun.","","recognition"
"be set against","v. phr.","以...為背景","The novel **is set against** the backdrop of the French Revolution.","** 常見於文學描述，指故事發生的時空背景","recognition"
"gain ground on","v. phr.","趕上；逼近；取得進展","The challenger is slowly **gaining ground on** the current champion in the polls.","** 指在競爭中縮小差距或擴張勢力","recognition"
"travel back and forth between","","來回於...之間","","** 形容兩地之間的通勤或往返","production"
"do a favor","","幫一個忙","","** do sb. a favor|do a favor for sb.","production"
"benevolent","adj.","仁慈的；慈善的","The organization was founded by a **benevolent** businessman who wanted to help the poor.","** bene- (好) + vol- (意願)","recognition"
"underdog","n.","處於劣勢的人/隊伍","Everyone loves to cheer for the **underdog** in a sports competition.","","recognition"
"disentangle","v.","解開；理清","It is difficult to **disentangle** fact from fiction in this complicated story.","** disentangle A from B (將 A 從 B 中理清)","recognition"
"prefrontal cortex","n.","前額葉皮質","The **prefrontal cortex** is responsible for complex cognitive behavior and decision making.","","recognition"
"精通於...；擅長於...","","精通於...；擅長於...","","** adept (熟練的)；相當於 be good at","production"
"quincentennial","n./adj.","五百週年紀念","The city is planning a grand celebration for its **quincentennial** anniversary.","","recognition"
"pull someone's leg","v. phr.","開某人玩笑；耍某人","Don't get angry; he was just **pulling your leg** about the surprise party.","** 並非真的拉腿，而是開玩笑","recognition"
"table","v.","擱置 (提議/議案)","The committee decided to **table** the motion until the next meeting.","","recognition"
"cut corners","v. phr.","偷工減料；抄近路","If you **cut corners** on safety, you are bound to have an accident eventually.","** 為了省時省錢而草率行事","recognition"
"Venus","n.","金星","**Venus** is often called Earth's twin because of its similar size and density.","","recognition"
"voucher","n.","禮券；代金券；憑證","This **voucher** can be used for a free meal at any of our restaurant branches.","** 指可以用來兌換商品或服務的票券","recognition"
"conduct animal experimentation / experiments","","進行動物實驗","","** conduct (執行|進行)；experimentation (不可數，指實驗過程)","production"
"primate","n.","靈長類動物","Monkeys, apes, and humans are all classified as **primates**.","** 包括人類、猴子、猩猩","recognition"
"practice environmental protection","","落實環保","","** practice (實踐|落實)","production"
"ape","n.","類人猿；大猩猩","Humans, chimpanzees, and gorillas are all classified as **apes**.","** 指無尾的靈長類 (如黑猩猩、長臂猿)","recognition"
"aquatic","adj.","水生的；水棲的","**Aquatic** plants grow in or near water.","** aquatic sports (水上運動)","recognition"
"greenhouse gas emissions","","溫室氣體排放","","** 注意詞序，此用法最地道 (不建議寫 the emissions of...)","production"
"tentacle","n.","（海洋動物的）觸手；觸角","The octopus wrapped a **tentacle** around the rock.","","recognition"
"plug in","v. phr.","鍵入；打入 (e.g., email)","Simply **plug in** your email address to receive our weekly newsletter.","** 在數位表格或系統中輸入資料。","recognition"
"polymetallic","adj.","多金屬的","Scientists are exploring the deep sea for **polymetallic** resources.","","recognition"
"ornithologist","n.","鳥類學家","The **ornithologist** spent years studying the migratory patterns of eagles.","** ornitho- (鳥) + -logist (專家)","recognition"
"catalyst","n.","catalyst [n.]","The protest served as a **catalyst** for political change.","** act as a catalyst for","recognition"
"sludge","n.","淤泥；汙泥","The industrial waste was reduced to a thick, black **sludge**.","** 常指工廠廢料或水溝淤積","recognition"
"send out","","排放 (氣體、熱量等)","","","production"
"a canopy of","","一片覆蓋似天蓬的...","We walked under **a canopy of** dense leaves in the rainforest.","** canopy 原指樹冠層或遮雨蓬","recognition"
"technological innovation","","科技創新","","","production"
"tape player","n.","錄音機；放音機","He found an old **tape player** and played some music from the 80s.","","recognition"
"on the verge of extinction / critically endangered","","瀕臨絕種","","** verge (邊緣)；extinction (絕種)；endangered (瀕危的)","production"
"mitigate global warming","","減緩全球暖化","","** mitigate (減輕|緩和) 是作文加分字","production"
"contraption","n.","奇妙的機械/裝置 (通常指臨時拼湊的)","He built a strange **contraption** to feed his dog automatically.","","recognition"
"aquaculture","n.","水產養殖","The government is promoting **aquaculture** to reduce the pressure on wild fish stocks.","** aqua- (水) + culture (耕作|養殖)","recognition"
"inanimate","adj.","無生命的；無生氣的","...how much human nature it could breathe into an **inanimate** object.","","recognition"
"tadpole","n.","蝌蚪","A **tadpole** swims in water before it grows legs.","","recognition"
"be home to + N.","","是...的發源地；是...的棲息地","","** 指該地是某物種自然生長或常見的地方","production"
"venom","n.","(蛇、蜘蛛等的) 毒液；惡意","The snake's **venom** can be deadly within minutes.","","recognition"
"chlorine","n.","氯","The swimming pool smells strongly of **chlorine**.","** 常用於消毒 (disinfection)","recognition"
"cosmonaut","","俄國太空人 vs. 美國太空人","The Russian **cosmonaut** worked with the **astronaut** on the ISS.","","recognition"
"chilly","","寒冷的","","","production"
"strain","n.","(動植物、病毒的) 品系；株；類型","Scientists have identified a new **strain** of the virus.","","recognition"
"methane","n.","甲烷 (CH4)","Cows release a significant amount of **methane**.","","recognition"
"straddling","v.","跨坐；橫跨 (包含 straddle)","The city is **straddling** the border between the two countries.","** straddle the line|border","recognition"
"congregate","v.","聚集；集合","At that time, hundreds of seals **congregate** in South Georgia...","","recognition"
"volcanic floodplain","n.","火山沖積平原","The rich soil of the **volcanic floodplain** makes it ideal for agriculture.","** volcanic (火山的) + flood (洪水) + plain (平原)","recognition"
"land degradation","n.","土地退化；土壤貧瘤化","Overgrazing and deforestation are major causes of **land degradation**.","** environmental degradation (環境惡化)","recognition"
"Wireless Fidelity","n.","無線相容性 (Wi-Fi 全稱)","Wi-Fi is a technology for **Wireless Fidelity**, allowing devices to connect to the internet.","** 通稱為 Wi-Fi","recognition"
"botanical","adj.","botanical [adj.]","We visited the **botanical** gardens to see rare flowers.","","recognition"
"carbon emissions","","碳排放","","** 常用搭配 reduce|cut carbon emissions","production"
"unforgiving winds","","無情的風","","","production"
"medium","","媒介","","** 複數形為 media","production"
"precision instruments","","精密儀器","","** precision (精確|精密)","production"
"metamorphosis","n.","變態 (生物)；徹底的變化","The caterpillar goes through **metamorphosis** to become a butterfly.","** undergo metamorphosis","recognition"
"topography","n.","地形；地勢；地形學","The map shows the **topography** of the island accurately.","","recognition"
"tallest building","","最高的建築物 (形容詞區分)","","","production"
"sustainable energy solutions","","永續能源解決方案","","** sustainable (永續的)；solution (解決方案)","production"
"nestled","adj./v.","座落於；依偎在 (隱蔽而舒適的地方)","**Nestled** in the Black Hills of Keystone... Mount Rushmore is one of the most fascinating monuments...","** Be nestled in|among...","recognition"
"beaches","","海灘","","","production"
"terrestrial","adj.","陸地的；陸生的；地球的","The show focuses on **terrestrial** life forms, not marine ones.","","recognition"
"mitochondria","n.","粒線體 (單數: mitochondrion)","**Mitochondria** generate most of the cell's supply of adenosine triphosphate (ATP).","","recognition"
"snail","n.","蝸牛","A **snail** moves very slowly by crawling on its foot.","** at a snail's pace (慢吞吞地)","recognition"
"treetop","n.","樹梢；樹頂","Monkeys jumped from **treetop** to **treetop** in the jungle.","**  canopy (樹冠層)","recognition"
"hatch out","","孵化；破殼而出","The chicks began to **hatch out** of their eggs this morning.","** 亦可比喻計畫或想法的產生 (hatch a plan)","recognition"
"erode","v.","侵蝕；腐蝕；削弱","Wind and rain can **erode** the soil over time.","** erode confidence|profits","recognition"
"With breakthroughs in space technology, …","","隨著太空技術的突破","","** breakthrough (突破)","production"
"photosynthetic","adj.","光合作用的","Green plants contain **photosynthetic** pigments that capture sunlight for energy.","","recognition"
"get close to nature / connect with nature","","親近大自然","","** nature 前通常「不加」the","production"
"be situated in / be located in","","位於...","","","production"
"pounded-up","adj.","搗爛的；磨碎的","She applied a paste made of **pounded-up** herbs to the wound.","","recognition"
"nodule","n.","小結節；（礦物）球塊","The mineral **nodule** found on the ocean floor contains valuable elements.","** manganese nodules (錳結核)","recognition"
"lagoon","n.","潟湖","The island is surrounded by a crystal-clear **lagoon** and coral reefs.","** 常見於地理考題，指環礁內的淺海水域","recognition"
"cassette","n.","卡帶","I remember using a pencil to wind up the loose tape in a **cassette**.","** cassette tape (錄音帶)","recognition"
"ecosystem","","生態系統 (注意：可數)","","** a fragile ecosystem (脆弱的生態系統)","production"
"refrigerant","n.","冷媒；製冷劑","The leak of **refrigerant** caused the air conditioner to stop working.","","recognition"
"lever","n.","槓桿；操縱桿","Pull the **lever** to open the emergency exit in case of a fire.","** 物理上的槓桿或機械的控制桿。|** leverage (利用；槓桿作用)","recognition"
"solar power","","太陽能","","** renewable energy (再生能源)","production"
"prototype","n.","原型；雛形","Engineers are testing a working **prototype** of the new electric car.","** a prototype of|for... (...的原型)","recognition"
"subsidence","n.","(地層) 下陷；沈沒","Groundwater extraction caused severe land **subsidence**.","","recognition"
"endure disasters","","忍受/遭遇災難","","","recognition"
"runoff","n.","徑流；流失的雨水","Agricultural **runoff** can lead to the pollution of nearby rivers.","** 指雨水未被土地吸收而流走的現象。","recognition"
"shore vs. coast","","岸邊 vs. 海岸","","** shore 指水陸交界處 (玩水的地方)；coast 指地理上的沿海大地區","production"
"hind legs","n.","(動物的) 後腿","The rabbit stood up on its **hind legs** to get a better look.","** 相對於 forelegs (前腿)","recognition"
"spore","n.","孢子","Fungi reproduce by releasing millions of tiny **spores** into the air.","","recognition"
"amphibians","n.","兩棲動物\n用法: amphibian (adj. 水陸兩用的)","Frogs and toads are **amphibians**.","","recognition"
"deforestation","","濫墾濫伐","","** de- (除去) + forest (森林)|**  owing to deforestation","production"
"fall idle","","閒置；停止運轉","When the wind doesn't blow or the sun doesn't shine, wind and solar power plants **fall idle**.","** idle 指機器或人處於「空閒、無產出」的狀態。","recognition"
"Flora","n.","Flora [n.]","The book describes the local **flora** and fauna.","** Flora and Fauna (動植物總稱)","recognition"
"owing to deforestation","","由於濫墾濫伐 (d...)","","** owing to = due to|because of (後接名詞)","production"
"on (Easter) Island","","在島嶼上 (例如：復活節島)","","** 島嶼的介係詞固定用 on","production"
"residue","n.","殘留物；剩餘物","Pesticide **residue** was found on the surface of the imported fruit.","** pesticide residue (農藥殘留)|sticky residue (黏性殘留物)","recognition"
"disperse","v.","驅散；散開；傳播","...convection is less efficient at **dispersing** heat from urban land...","** disperse the crowd|disperse heat","recognition"
"meteorologist","n.","氣象學家","The **meteorologist** predicted a heavy storm for the weekend.","","recognition"
"udder","n.","(牛、羊等的) 乳房","The farmer cleaned the cow's **udder** before milking.","","recognition"
"domain","n.","領域；領土","This topic falls within the **domain** of physics.","** public domain (公有領域)","recognition"
"engineering feat","","工程壯舉","","","production"
"horned","adj.","有角的","The **horned** owl is known for the tufts of feathers that look like ears.","** horn (角) + -ed (具有...特徵的)","recognition"
"the threat of disappearance","","（物種）消失的威脅","","** disappearance (消失)","production"
"disaster prevention system","","防災系統","","** prevent (預防) -> prevention (名詞)","production"
"irrigation","n.","灌溉","Farmers rely on **irrigation** systems to water their crops during dry seasons.","","recognition"
"environmental disasters","","環境災難","","** 如 flood, earthquake 等\","production"
"科技進步","","科技進步","","","production"
"the way we access information","","我們獲取、接觸資訊的方式","","** the way (that|in which) + S + V","production"
"pouring rain","","傾盆大雨","","","production"
"puff up","","膨脹；腫脹；(因驕傲)趾高氣昂","The bird **puffed up** its feathers to keep warm.|He tends to **puff up** with pride when he talks about his achievements.","** puff up (使膨脹|自滿)","recognition"
"incinerator","n.","焚化爐","Waste materials are burned at high temperatures in an **incinerator**.","","recognition"
"sand dunes","n.","沙丘","Coastal plants help stabilize the **sand dunes** against strong winds.","** 常見於地理或環境描述。","recognition"
"dew-like","adj.","如露水般的","The spider web was covered in **dew-like** drops of water.","","recognition"
"archipelago","","群島","","","production"
"astrologist vs. astronomer","","占星家 vs. 天文學家","","** astronomer (天文學家) 是學測常考單字","production"
"thermogenesis","n.","產熱作用 (生物體產生熱量)","Brown fat is involved in **thermogenesis** to keep the body warm.","","recognition"
"pristine","adj.","原始的；清新的；未受污染的","...a multitude of sylvan lakes and **pristine** streams...","** pristine condition|beaches","recognition"
"subscribe to","","訂閱","","","production"
"treasure trove","","寶庫；豐富的蘊藏處","Indeed, 'it is a **treasure trove** of flora,' with over 150 different species of trees...","** a treasure trove of information|knowledge","recognition"
"global climate change","","全球氣候變遷 (注意單數)","","** 指大範圍的現象，習慣用單數","production"
"nocturnal","adj.","夜行性的","Like most Asiatic black bears, they are **nocturnal**, feeding at night...","","recognition"
"biotechnology","","生物技術","","** 簡稱 biotech","production"
"polyphenols","n. pl.","多酚","Green tea is rich in **polyphenols**, which have antioxidant properties.","","recognition"
"legally cleared forest","","合法砍伐的森林","","","production"
"black holes","","黑洞","","** 科普文章常見術語","production"
"tournament","","錦標賽 (注意拼字: tou...)","","","production"
"human history","","人類歷史","","** 習慣用法，通常不加冠詞","production"
"house","","館藏有... (動詞)","","","production"
"coin","v.","創造（新詞語/新詞彙）","The term ""crowdsourcing"" was **coined** by journalist Jeff Howe.","** coin a term|phrase","recognition"
"Belgium","","比利時","","","production"
"respect different cultural characteristics","","尊重不同的文化特徵","","** characteristic (特徵)","production"
"jump on the bandwagon","","趕時髦；順應潮流","","** jump on the + bandwagon","production"
"blockbuster","","賣座鉅片 (票房大賣的電影)","","","production"
"release","","發行；上映 (電影/專輯)","","","production"
"the true essence of the proverb, …","","這句諺語的真諦","","** essence (精髓|真諦)","production"
"graffiti","n.","塗鴉","The walls of the subway station were covered in **graffiti**.","","recognition"
"ballerina","n.","芭蕾舞女演員","She has dreamed of being a **ballerina** since she was five.","** 專指女性芭蕾舞者。","recognition"
"the National Palace Museum","","國立故宮博物院","","","production"
"multicultural influences","","多文化的影響","","","production"
"bishop","","主教","","","production"
"the course of history","","歷史的進程","This invention changed **the course of history** forever.","","recognition"
"Icelandic","adj.","冰島的 / 冰島","**Icelandic** horses are known for their small size and strength.","","recognition"
"trends","","流行趨勢 (注意有 s)","","** 常用複數形|**  trendy clothes","production"
"semi-finals","","準決賽；四強賽","","","production"
"feudal Europe","n. phr.","封建時代的歐洲","Land ownership was the basis of power in **feudal Europe**.","** feudal system (封建制度)；指中世紀的社會結構","recognition"
"historic center","","歷史中心 (舊城區)","","** historic (具歷史意義的)","production"
"monastic","adj.","修道院的；隱修的","He chose to lead a **monastic** life, spent in prayer and silence.","** monastery (修道院)；monk (僧侶|修士)","recognition"
"Versailles![EX34ex.mp3](SnhqY6Gg.mp3)","EX34ex.mp3","凡爾賽宮","The Palace of **Versailles** is a famous symbol of French royal power.","** 位於法國巴黎郊外的著名宮殿","recognition"
"amphitheater","n.","圓形劇場；競技場","The ruins of the Roman **amphitheater** are still used for concerts today.","** amphi- (雙向|四周) + theater (劇場)","recognition"
"symbolize","","象徵","","","production"
"stone statues","","石像","","** statue (雕像)","production"
"the salvation of the soul","","靈魂的救贖","","** salvation (救贖)","production"
"excerpt","n.","摘錄；節錄","The teacher read a short **excerpt** from the novel.","** an excerpt from...","recognition"
"on display / on exhibition","","展出中","","** be on display (固定搭配，不加 the)|**  a collection of paintings","production"
"celebrity","","名人 (注意拼字與複數)","","","production"
"hymn","n.","聖歌；讚美詩","The congregation sang a **hymn** during the Sunday service.","** a Christmas hymn","recognition"
"carve Jack-o'-lanterns","","雕刻南瓜燈","","","production"
"heritage","","文化遺產 (抽象觀念)","","** 指抽象遺產；若指具體地點則用 heritage sites 或 landmarks","production"
"bonsai","n.","盆栽 (藝術)","Growing **bonsai** requires patience and skill.","","recognition"
"The arrival of the New Year","","新年的到來","","** arrival (到達|到來)","production"
"busker","n.","街頭藝人","A talented **busker** was playing the violin at the entrance of the subway station.","** busk (v. 街頭表演)","recognition"
"establish a colony","","建立殖民地","","** establish (建立)；colony (殖民地)","production"
"trick or treat","","不給糖就搗蛋","","","production"
"have a tale to tell","","有故事要說；經歷過滄桑","Every old building in this city seems to **have a tale to tell**.","** 指某人或某物有精彩或重要的經歷","recognition"
"tapestry","n.","掛毯；織錦","The sage asked him if he had seen the Persian **tapestries** hanging in the dining room...","","recognition"
"Stonehenge","n.","巨石陣","**Stonehenge** is one of the most famous prehistoric monuments in the world.","","recognition"
"Legend has it that...","","傳說... (句型)","","","production"
"put up","","建造；設立；張貼","A new statue was **put up** in the town square.","","recognition"
"appreciation of art","","對藝術的鑑賞力","","** appreciation (鑑賞|欣賞|感激)","production"
"conduit","n.","管道；溝通渠道","Used as **conduits** between the gods and chiefs, the Moai were key components...","","recognition"
"dystopia","n.","反烏托邦 (極權/環境惡劣的社會)","...lived on the edge of society in generally **dystopic** futures...","","recognition"
"stage a theatrical performance","","上演一場戲劇表演","","** stage (v.) 策劃|上演；theatrical (adj.) 戲劇的","production"
"make altars for...","","為...建立祭壇 (崇拜)","","","production"
"""Helping others is the source of happiness.""","","助人為快樂之本 (諺語)","","** 學測作文萬用格言","production"
"depict","v.","描繪；描寫","The movie **depicts** the life of a famous artist.","** depict sb. as...","recognition"
"artistic treasures","","藝術瑰寶","","** treasure (瑰寶|寶藏)","production"
"As the saying goes","","俗話說...","","","production"
"joust","v./n.","（馬上）長矛比武；激烈競爭","The knights mounted their horses to **joust** in the tournament.","","recognition"
"There is no accounting for tastes","","人各有所好；審美觀見仁見智","'Oh well,' said Sandy, '**there is no accounting for tastes**, I suppose.'","","recognition"
"bandmaster","n.","樂隊指揮","The **bandmaster** raised his baton to signal the start of the performance.","** 指揮樂隊的人","recognition"
"envelope","","信封；紅包袋","","","production"
"ferment","n.","騷動；動亂；(思想) 激盪","...normally marked by extraordinary cultural **ferment**...","","recognition"
"swing at","","揮打；試圖攻擊","The batter tried to **swing at** the curveball but missed.","** swing at sb.|sth. (對...揮拳|揮擊)","recognition"
"comic strip","n.","連環漫畫","I used to read the **comic strips** in the newspaper every Sunday morning.","** 常指報刊上連載的短篇漫畫","recognition"
"Confucius","n.","孔子","**Confucius** was a Chinese philosopher whose teachings influenced East Asia for centuries.","** Confucianism (儒家思想)","recognition"
"historical","adj.","與歷史有關的（背景/研究）","","","recognition"
"schoolhouse","n.","校舍","The old one-room **schoolhouse** has been converted into a museum.","","recognition"
"ethical","adj.","倫理的；道德的","Is it **ethical** to test cosmetics on animals?","** ethical standards","recognition"
"Honesty is the best policy.","","誠實為上策","","** 經典格言，Policy 在此指「處世原則」","production"
"be regarded as a traditional virtue/merit","","被視為一種傳統美德","","** regard A as B (將 A 視為 B) 的被動式|**  filial piety","production"
"aesthetic","adj.","美學的；審美的","The building has a unique **aesthetic** appeal that attracts tourists.","** aesthetic value (美學價值)","recognition"
"historic","adj.","歷史上著名的（重要時刻）","","**  historic center","recognition"
"see a backlash","","遭遇強烈抵制/反彈","The politician started to **see a backlash** from voters after the scandal.","** backlash against... (對...的強烈反彈)","recognition"
"NEETs and Freeters","","尼特族與飛特族","","","production"
"conspire against","","密謀對抗；圖謀","The rebels **conspired against** the dictator to overthrow the government.","** conspire (v.) + against sb.","recognition"
"the international community","","國際社會","","** 常用於外交或全球議題","production"
"unconditional support","U.","無條件的支持","","","recognition"
"raise money for","","為...募款/籌款","They are trying to **raise money for** the new hospital wing.","","recognition"
"homogeneous","adj.","同質的；由相同事物組成的","If not, we run the risk of shaping a much more **homogeneous** community...","","recognition"
"conformity","n.","遵從；一致；墨守成規","Jane Austen broke the traditional mold of feminine **conformity**.","** social conformity (社會從眾性)","recognition"
"express appreciation for","","表達對...的感激","","","production"
"set a good example for sb.","","樹立一個好榜樣","","** set|provide an example (樹立榜樣)","production"
"minorities","","弱勢族群","","** 指人數較少或處於不利地位的族群","production"
"make friends with sb.","","與...交朋友","","","production"
"volunteer","","志工 (注意拼字: vol-un...)","","","production"
"collaborate with","","與...合作","","","production"
"解決衝突/問題","","解決衝突/問題","","","production"
"match one's wits against","","與...鬥智鬥勇；較量","Professionals have successfully **matched their wits against** waves all around the world.","** match wits with|against sb.","recognition"
"shape one's image","","塑造形象","","** shape|build|cultivate + one's image|reputation|brand","production"
"be named after","","以...命名","","","production"
"raise eyebrows","","令人驚訝；引起非議/不滿","...her way of dressing and behaving **raises eyebrows** once again.","","recognition"
"chronically late","adj. phr.","慣性遲到","He is **chronically late** for every meeting, which annoys his boss.","** chronically 有「慢性的」或「慣性的|長期的」兩種意思","recognition"
"preschool","","學齡前的","","** pre- (在...之前) + school","production"
"contact","","聯絡","","","production"
"dress formally","","穿著正式","","","production"
"divide","","鴻溝","","** 如 digital divide (數位落差)","production"
"filial piety","","孝順 (名詞)","","** piety 是「虔誠」，filial 是「子女的」|**  be regarded as a traditional virtue","production"
"aristocracy","n.","貴族階層；貴族統治","In the past, the **aristocracy** held most of the political power and wealth.","** aristocrat (貴族成員)；貴族統治 (rule by the best)","recognition"
"drop in on","","順道拜訪","I decided to **drop in on** my grandmother on my way home.","** drop in on + sb.|drop in at + place","recognition"
"產生共鳴","","產生共鳴","","","production"
"參加；參與","","partake in / participate in","","","production"
"personas","n.","人格面具；偽裝的外表","Many celebrities adopt different **personas** when they are on stage.","** persona 的複數形","recognition"
"peer recognition","","同儕認同","","** recognition (認同|承認)","production"
"improves our social life","","改善社交生活","","** social life (社交生活)","production"
"coexist","","共存","","** coexist with... (與...共存)","production"
"pay tribute to","phr.","向...致敬；悼念","The concert was organized to **pay tribute to** the legendary singer.","** pay tribute to sb.|sth. (表示敬意)","recognition"
"interact face-to-face","","面對面互動","","** interact with sb. (與某人互動)","production"
"引發激烈辯論","","引發激烈辯論","","","production"
"laureate","n.","得獎者；桂冠詩人；榮譽獲得者","Albert was a Nobel **laureate** in Physics.","** Nobel laureate (諾貝爾獎得主)","recognition"
"mankind / humankind / humanity","","人類 (群體概念：不可數)","","** 泛指整個人類全體","production"
"foster relations","","培養、促進關係","","","production"
"beat the button","","(快速)按下按鈕；搶按","Contestants must **beat the button** to answer the question first.","** beat usually implies speed or winning against time","recognition"
"Social Classes (High Density)","","社會各階層 (上流/中上/中產/勞工/底層)","","","production"
"dial","vt.","撥打電話給...","I need to **dial** the president immediately to discuss the crisis.","** dial a number|dial sb.","recognition"
"consensus","n.","共識；一致的意見","The committee reached a **consensus** on the new policy.","","recognition"
"a time for (family) reunion","","團聚的時刻 (通常指家庭)","","** reunion (團聚|重聚)","production"
"reach out to","","向...伸出援手；與...聯繫 (尋求幫助或合作)","Don't hesitate to **reach out to** me if you need any help.","** reach out to sb.","recognition"
"serving others","","服務他人","","** serve (服務)","production"
"widen the wealth gap","","擴大貧富差距","","** widen (擴大)；wealth gap (貧富差距)","production"
"cause a sensation","","引起轟動","","","production"
"cooperation","","合作/配合","","**","production"
"status quo","","現狀","","","production"
"introduce sb. to sb.","","介紹某人給某人","","","production"
"foster","v.","培養；促進","The aim is to **foster** friendly relations among young mathematicians.","","recognition"
"keeps us connected with sb.","","讓我們與他人保持聯繫","","** keep + 受詞 + 形容詞 (connected)","production"
"intimidate sb. into silence","","恐嚇某人使其保持沉默","The corrupt official tried to **intimidate the witness into silence**.","** intimidate (v. 威脅) + sb. + into + V-ing|N.","recognition"
"exchange activities","","交流活動","","** 如 cultural exchange activities","production"
"hype","n./U.","大肆宣傳；炒作","The media **hype** surrounding the new phone release was intense.","** media hype (媒體炒作)","recognition"
"make out","","親熱；接吻","","","production"
"the society of the future","","未來社會","","** 指稱特定時空的社會，需加 the","production"
"in protest against","","抗議","","","production"
"pay attention to personality development","","重視人格發展","","** pay attention to，介系詞固定用 **to**","production"
"acquiescence","n.","默許；順從","But **acquiescence** to European-American customs did not appease the nearby settlers...","","recognition"
"convey a message","","傳達訊息","","** convey|deliver|communicate + a message|meaning|idea","production"
"make a charitable donation","","做慈善捐贈","","** donation [C] 捐贈物|金；charitable (慈善的)","production"
"stratify","v.","使分層；使階層化","...worry that the advances may **stratify** societies...","** 形成社會階級 (divide into classes)","recognition"
"back out of","v.","退出（協議、承諾）","They **backed out of** the deal at the last minute due to a conflict of interest.","** back out of an agreement|promise","recognition"
"imitate","","模仿","","","production"
"an appearance-focused society","","重視外表的社會","","** focused (以...為焦點|重視...)","production"
"raise awareness","","喚起意識","","","production"
"discrimination against","","歧視","","","production"
"officiate at","v. phr.","主持（儀式）；執行職務","The local mayor will **officiate at** the opening ceremony of the new library.","** officiate at + ceremony|wedding|funeral","recognition"
"poses a threat to","","對...構成威脅","","** pose a threat|danger|risk to","production"
"draw attention to","","引起對⋯的關注","","** draw|attract|call + attention to + N.","production"
"in honor of","","向...致敬；紀念","","","production"
"those around us","","周遭的人","","** 指身邊的人，比 people around us 更自然","production"
"be inclusive of","","包容...；包含...","","** inclusive (包容的|包括的)","production"
"for companionship, recreation, and entertainment","","為了作伴；為了消遣","","** keep pets for **companionship** (不可數名詞，指抽象的伴侶關係)","production"
"look out for","","當心；注意；照顧；留心尋找","1. When hiking in the mountains, you should **look out for** falling rocks.|2. People in my neighborhood **look out for** each other.","** look out for + N. (注意潛在危險|尋找某物|照顧他人)","recognition"
"play down","v.","淡化；輕描淡寫","The CEO tried to **play down** the severity of the financial loss during the meeting.","** play down the importance|seriousness","recognition"
"upheaval","n.","動盪；劇變","The country went through a period of social **upheaval** during the revolution.","** political|social upheaval (政治|社會動盪)","recognition"
"a multicultural society","","多元文化社會","","** multi- (多個) + cultural","production"
"teeming with competition","","充滿競爭 (抽象概念)","","** 抽象環境用 teeming with；實體空間用 packed with","production"
"panel","n.","專家小組；面板","A **panel** of experts will discuss the issue tomorrow.","** solar panel (太陽能板)","recognition"
"as a member of...","","做為...的一分子","","","production"
"ethnic group","","族群","","","production"
"society","","社會 (泛指)","","","production"
"blurt out","v. phr.","脫口而出","He **blurted out** the secret before he could stop himself.","** blurt out + sth. (不經思考地說出某事)","recognition"
"emotional connections","","情感連結","","** connect (連接) -> connection (名詞)","production"
"引發爭議","","引發爭議","","","production"
"reiterate one's stance","","重申立場","","","production"
"proponent","n.","提倡者；擁護者","She is a strong **proponent** of renewable energy.","","recognition"
"emulate","v.","模仿(並試圖超越)；效法","Young players often try to **emulate** their sporting heroes.","** emulate success","recognition"
"in response to","","作為對...的回應","","","production"
"beat sb.","","擊敗某人 (比賽/競爭)","","","production"
"seek common ground","","尋求共識","","","production"
"citizen vs. civilian","","公民 vs. 平民","","** citizen (公民|國民)；civilian (平民|非軍警人員)","production"
"get across","v.","表達清楚；使人理解","The speaker struggled to **get** his complex ideas **across** to the audience.","** get the point|message across","recognition"
"look down on","v.","輕視；瞧不起","It is wrong to **look down on** people who have less education than you.","","recognition"
"have shared interests in...","","在...方面有共同興趣","","","production"
"diversity","","多元性","","** 如 cultural|biological diversity","production"
"pass off","","冒充；假裝是...","","","production"
"tone down","v. phr.","（使）緩和；（使）轉淡","The politician was asked to **tone down** his aggressive rhetoric during the debate.","** tone down + sth. (如言論、顏色、態度)","recognition"
"clarify","","澄清；闡明","","","production"
"hierarchy","n.","階級制度；等級制度","There is a strict **hierarchy** within the military.","** social hierarchy","recognition"
"break the deadlock","","打破僵局","","** break|end + the deadlock|impasse|stalemate","production"
"rational discourse","n.","理性探討；理性論述","In a democracy, **rational discourse** is essential for solving conflicts.","** engage in rational discourse (參與理性討論)","recognition"
"proclaim","","proclaim: 宣告；公佈","The king **proclaimed** victory, while farmers tried to **reclaim** the land.","","recognition"
"humans / human beings","","人類 (可數複數)","","** 指「一個個」的人","production"
"monger","n.","商人；煽動者","He was labeled a rumor-**monger** for spreading unverified stories.","** fishmonger (魚販)|warmonger (好戰者)","recognition"
"bequeath","v.","遺贈；把...傳下去","His grandmother **bequeathed** her ring to him.","** bequeath sb. sth. 或 bequeath sth. to sb.","recognition"
"mediate","v.","調解；斡旋","Negotiators are trying to **mediate** a settlement between the two sides.","** mediate a dispute","recognition"
"make one's acquaintance","","結識某人","","","production"
"frowned upon","","不被贊同的；令人不悅的","...original thinking (was) **frowned upon** and creativity discouraged among women.","** be frowned upon (by society)","recognition"
"establish trust","","建立信任","","** establish|build|develop|foster + trust|rapport|a relationship","production"
"controversy","n.","controversy [n.]","The new law caused a huge **controversy** among the public.","","recognition"
"boss sb. around","v. phr.","對某人頤指氣使；發號施令","Stop trying to **boss** me **around**; I'm not your servant!","** boss (v.) 指揮；作風霸道","recognition"
"competition","","競爭 (不可數)","","** 指競爭的狀態 (若指競賽則為可數)|**  teeming with competition","production"
"clear up misunderstandings","","釐清誤解","","** clear up|resolve|address + misunderstandings|confusion|issues\n**同義:** set the record straight,  clarify","production"
"conveyed in","","由...傳達的","","** convey (傳達|表達)","production"
"falling-out / falling out","","鬧翻；爭執","","","production"
"post updates about sth.","","更新近況","","** 常指在社群媒體上發布消息","production"
"urge sb. to + VR","","力勸某人做某事","","","production"
"flocks of people","","大批的人群","","","production"
"achieve educational equity","","達成教育平權","","** equity (公平|公正)","production"
"lively","","熱鬧的","","","production"
"deliver a message","","傳遞訊息","","","production"
"flock to","","蜂擁而至；聚集","Surfers **flock to** the local seashore by the thousands.","** flock (n.) 一群(羊|鳥); flock (v.) 聚集","recognition"
"assimilate","v.","同化；吸收(知識/營養)","It takes time for immigrants to **assimilate** into a new culture.","** assimilate into society","recognition"
"grooming policy","","服裝儀容規定","","","production"
"the global population","","全球人口 (注意冠詞)","","** 需加定冠詞 the","production"
"for people in Taiwan","","對台灣人而言","","** 用來引出特定地區的人群觀點","production"
"引發討論","","引發討論","","","production"
"seamlessly","","無縫地；順暢地","","** integrate|blend seamlessly with...","production"
"be more likely to","","更有可能...","","** be more likely to + VR","production"
"針對；導向；為...調整","","gear toward","","","production"
"integral","adj.","不可或缺的；完整的","Trust is an **integral** part of any relationship.","** be integral to...","recognition"
"obscurity","n.","默默無聞；模糊；晦澀","After spending many years in **obscurity**, Leblanc finally gained literary fame...","","recognition"
"pertinent","","相關的；切題的","","","production"
"regardless of","","不管；無論","","","production"
"make it easy/difficult for people to V.","","讓（某人）無法/能夠（做某事）","","** 虛受詞 it 的進階句型","production"
"從事（工作/活動）","","engage in","","","production"
"chances are (good) that...","","很有可能...","","","production"
"have an advantage over","","優於...；比...有優勢","","** 介系詞用 over 後接比較對象","production"
"inevitable","adj.","不可避免的；必然的","","","recognition"
"in its own right","","憑藉自身的能力/資格","She is a successful entrepreneur **in her own right**, not just because of her family.","** be|stand ... in its own right","recognition"
"far-reaching impact","","深遠的影響","","** far-reaching|profound|lasting + impact|effect|influence","production"
"It is inevitable that...","","難以避免 (句型訂正)","","","production"
"discrete","adj.","獨立的；不連續的","The data is organized into **discrete** categories.","** discrete units","recognition"
"be entitled to","","被賦予、能夠...","","","production"
"be covered with/in ...","","覆蓋著...","","** 指表面被某物佈滿的狀態","production"
"blur the boundary between","","模糊...之間的界線","","** blur (使模糊)；boundary (界線)","production"
"concise","adj.","簡潔的；簡明的","Please keep your summary **concise** and to the point.","","recognition"
"Among them","","其中 (群體中)","","","production"
"oblivion","n.","遺忘；無意識狀態；湮沒","He drank himself into **oblivion** to forget his troubles.","** fade|sink into oblivion (逐漸被遺忘)","recognition"
"haphazardly","adv.","雜亂無章地；隨意地","Books were piled **haphazardly** on the floor.","","recognition"
"consist of","","由...組成","","","production"
"feature","","以...為特色","","","production"
"elusive","adj.","難以發現的；難以捉摸的","The 16-day adventure takes travelers... in search of the **elusive** cats (snow leopards).","** 形容動物難以追蹤，或概念難以理解|定義","recognition"
"looming","adj.","looming [adj.]","In order to avert what appears to be a **looming** crisis...","** a looming deadline|danger","recognition"
"aptly","adv.","適當地；貼切地","The hotel was **aptly** named ""The Grand View"" because the scenery was amazing.","","recognition"
"wildcard","n.","不確定因素；萬用字元","His unpredictable temper makes him a **wildcard** in the upcoming negotiations.","** 指可能影響局勢但難以預測的人事物。","recognition"
"outstanding / excellent","","優秀的 (描述成績)","","** 描述學業成績 (grades)時，這兩個詞比 good 更正式","production"
"cumbersome","adj.","笨重的；累贅的；難處理的","The old system was **cumbersome** and inefficient to use.","** cumbersome procedure","recognition"
"rely entirely on","","完全依賴","","** rely on (依賴)；entirely (完全地)","production"
"異常；反常事物","","anomaly","","","production"
"flexibility in","","在...方面的靈活性","","** flexibility (靈活性)；介係詞用 in","production"
"equivalent","adj.","相等的；等值的","One dollar is roughly **equivalent** to 30 Taiwan dollars.","** be equivalent to...","recognition"
"uniqueness","","獨特性","","** unique (獨特的) -> uniqueness (名詞)","production"
"within one's grasp","","在某人掌握之中 (手到擒來)","","","production"
"conducive","adj.","conducive [adj.]","A quiet environment is **conducive** to studying.","** be conducive to + N.|V-ing (to 是介系詞)","recognition"
"have/exert an influence/impact on...","","對...產生影響","","** exert (施加)；influence (影響)","production"
"be endowed with","","天生具有...；被賦予...","","","production"
"adapt to changes","","適應變化","","** adapt to + N. (變化|環境|情況)","production"
"existence","","存在","","","production"
"tarnished","adj.","失去光澤的；(名聲)受損的","...she had restored both dignity and popularity to a **tarnished** crown...","","recognition"
"discrepancy","n.","差異；不一致","There is a **discrepancy** between the two reports.","** discrepancy in|between...","recognition"
"be operational","","正在運作中","","","production"
"backgrounds","","背景 (可數)","","** 如 family|educational backgrounds","production"
"at will","","隨意地","","","production"
"inhibit","v.","inhibit [v.]","Fear of failure can **inhibit** creativity.","** inhibit growth","recognition"
"the dreams we thought were out of reach","","那些曾以為遙不可及的夢想","","** out of reach (遙不可及|夠不著)","production"
"autonomy","n.","自治(權)；自主","Universities enjoy a high degree of **autonomy** from the government.","** personal autonomy","recognition"
"dynamic","adj.","動態的；充滿活力的","The market is very **dynamic** and changes constantly.","** group dynamics (團體動力)","recognition"
"by and large","","大體上；總的來說","**By and large**, the new system is working well.","","recognition"
"aberration","n.","異常現象；反常行為","The sudden drop in temperature was considered an **aberration** for this time of year.","** a mental aberration (精神失常)","recognition"
"unorthodox","adj.","非正統的；非傳統的","His teaching methods are effective but **unorthodox**.","","recognition"
"constraint","n.","限制；約束","Budget **constraints** forced us to cancel the project.","** financial|time constraints","recognition"
"at a disadvantage","","處於劣勢","","","production"
"turn the tide","","扭轉局勢","","** turn the tide (of + N.)","production"
"manifest itself in","v.","顯現；表明","His stress began to **manifest itself in** physical symptoms.","** manifest signs of...","recognition"
"生動的 / 歷歷在目","","生動的 / 歷歷在目","","","production"
"lay the foundation for","","為...奠定基礎","Basic research **lays the foundation for** future scientific breakthroughs.","** lay (鋪設) + foundation (地基)","recognition"
"be consistent with","","與...一致","","","production"
"converge","v.","匯聚；集中於一點","Thousands of supporters **converged** on the capital city.","** converge on|at...","recognition"
"genuine","","真正的；真誠的","","","production"
"mystique","n.","神秘感；奧秘","The **mystique** surrounding the celebrity keeps fans interested.","** 指人或事物充滿吸引力的神秘氣質","recognition"
"readily","adv.","輕而易舉地；樂意地","Information is now **readily** available to anyone with an internet connection.","** readily available (唾手可得)","recognition"
"fluctuate","v.","波動；起伏不定","","","recognition"
"facade","n.","(建築物) 正面；假象","Behind his cheerful **facade**, he was actually feeling very lonely.","** a facade of confidence (自信的假象)","recognition"
"boasts","","（擁有、具備）特色/優點","","** boast 原意為自誇，在旅遊英文中指「擁有(值得自豪的資源)」","production"
"dominant","adj.","佔優勢的；支配的","English is the **dominant** language in international business.","** dominant gene|position","recognition"
"convenience [U.]","","方便 (名詞)","","","production"
"diverse","adj.","多樣的；不同的","The city has a culturally **diverse** population.","** diverse range of...","recognition"
"In particular","","尤其、特別","","** 置於句首或名詞後作強調","production"
"out of reach","","遙不可及的","","** 最流利的形容方式|**  dreams out of reach","production"
"feasible","adj.","可行的；行得通的","It is not **feasible** to finish the project in one day.","** feasible plan|solution","recognition"
"knotty","adj.","棘手的；(木材)有節的","This is a **knotty** problem that requires careful thought.","** a knotty problem (難題)","recognition"
"at the expense of","","以...為代價；犧牲...","They benefit big corporations **at the expense of** local industries.","","recognition"
"in reach / within reach","","觸手可及；在能力範圍內","","**  dreams out of reach","production"
"arise","v.","出現；產生","New problems may **arise** from sudden wealth.","","recognition"
"serve as","","充當...；用作...","","","production"
"in effect","phr.","實際上；事實上","The new law is, **in effect**, a tax increase for the middle class.","** 用於強調實際狀況與表面名義的差異","recognition"
"capable of","","能夠...","","","production"
"coherent","adj.","連貫的；條理分明的","He proposed a **coherent** plan to improve the school system.","","recognition"
"exude","v.","exude [v.]","She **exudes** confidence every time she gives a presentation.","** 常用於氣息、氣氛或液體的滲出，比喻用法極佳","recognition"
"alone","","光是... (強調)","","","production"
"內在的；本質的","","intrinsic","","","production"
"peculiar","adj.","奇怪的；獨特的","The food has a **peculiar** taste.","** be peculiar to (是...特有的)","recognition"
"encompass","v.","包含；圍繞","The course **encompasses** a wide range of history topics.","** encompass all aspects","recognition"
"disparate","adj.","截然不同的；多元的","The group is made up of people from **disparate** backgrounds.","** disparate concepts","recognition"
"an over-reliance on","","對⋯的過度依賴","","** reliance 為名詞，介系詞用 on","production"
"superfluous","adj.","多餘的；不必要的","Please remove any **superfluous** details from your report.","** super (over) + flu (flow) = 流出來太多的","recognition"
"Give us the opportunity to...","","讓我們有機會","","** opportunity (機會) 後接 to + VR","production"
"full freedom of action","","充分的行動自由","","","production"
"vulnerable","adj.","易受傷害的；脆弱的","In fact, the infant is the most **vulnerable** member of society to this chemical.","** be vulnerable to + N.","recognition"
"hold all the cards","","掌控大局；佔上風","But grads beware: employers are **holding all the cards**.","","recognition"
"compatible","adj.","相容的；合得來的","This software is not **compatible** with your operating system.","** be compatible with...","recognition"
"無預警地"",","","無預警地","","","production"
"bolster","","bolster","","","production"
"alleviate","","減輕（負擔/壓力）","","** strain (拉力|負擔)；relieve (減輕)","production"
"marginal","adj.","邊緣的；微小的；不重要的","There has been only a **marginal** improvement in the patient's condition.","** marginal cost (邊際成本)；marginal effect (微小的影響)","recognition"
"staggering","adj.","驚人的；令人震驚的","The diversity offered by streaming services is **staggering**.","** 通常指數量、規模大到令人難以置信","recognition"
"damage","","破壞 (注意：不可數！)","","** cause|do damage to + N. (不可加 s)","production"
"exacerbate","v.","使惡化；加劇","","","recognition"
"yield","v.","產出；生產；屈服","The region has consistently **yielded** many of the world's best runners.","** yield crops (生產農作物); yield to (屈服於)","recognition"
"cutting-edge","adj.","最先進的；尖端的","With her **cutting-edge** designs, she stood at the forefront of fashion.","","recognition"
"fully","","充分地","","","production"
"on a large scale","","大規模地","","** scale (規模)","production"
"break a sweat","","break a sweat","...without **breaking a sweat** or losing the freshness of their smiles.","** 幾乎總是用於否定句 **without breaking a sweat**，意指「輕而易舉、毫不費力」。","recognition"
"commanding","adj.","昂貴的；威嚴的；居高臨下的","The luxury brand maintains a **commanding** price in the market.","** commanding price (索價極高)|commanding view (居高臨下的視野)","recognition"
"large-scale","","大規模的","","** 寫作常用來描述計畫、調查或改變 (注意不加 -d)","production"
"boom","","迅速發展；繁榮","","","production"
"work wonders","","產生奇效；創造奇蹟","A good night's sleep can **work wonders** for your mood.","** work wonders for|on ...","recognition"
"fabulously","adv.","極其；驚人地","She was **fabulously** wealthy after inheriting the estate.","** fabulously rich|wealthy","recognition"
"a collection of paintings/masterpieces","","一批/一系列 (畫作/收藏)","","** a collection of + 複數名詞|**  on display","production"
"vibrancy","n.","活力；生命力","The artist used bright colors to capture the **vibrancy** of the city market.","","recognition"
"hamper","v.","hamper [v.]","Heavy rain **hampered** the rescue efforts.","** 同義詞為 hinder 或 obstruct。","recognition"
"mediocre","adj.","平庸的；普通的","The restaurant's food was **mediocre**, but the service was excellent.","** mediocre performance|results","recognition"
"a significant surge in...","","（數量的）激增；大量增加 (s...)","","a surge in + N. (在某方面的激增)","production"
"the rise of","","...的崛起 (名詞)","","","production"
"trifling","","微不足道的","","","production"
"supplanted by","","被...取代","","** be supplanted by... (被...取代)","production"
"garner","v.","獲得；收集 (支持、資訊、讚賞)","The novel **garnered** much praise from readers.","** garner support|garner attention|**  garner widespread awareness","recognition"
"permeate","v.","滲透；瀰漫；充滿","The smell of coffee began to **permeate** the room.","","recognition"
"to the core","","徹底地；徹頭徹尾","","","production"
"shortage","n.","短缺；不足","","","recognition"
"run-of-the-mill","adj.","普通的；平淡無奇的","Forget **run-of-the-mill** earthbound resorts; try a space hotel!","","recognition"
"by far","","顯然；在很大程度上","This is **by far** the best cake I have ever eaten.","** 用於修飾最高級或比較級","recognition"
"so ... that ...","","如此...以至於...","","","production"
"or so","phr.","大約；或至少他們是這麼認為的","They believe they can solve the problem within a week—**or so** they hope.","** 放在句尾可表「或是那樣(但可能未必)」或「大約」","recognition"
"hasten","v.","加速；催促","The bad weather may **hasten** our departure.","** hasten to V. (急忙去做...)","recognition"
"minor","adj.","輕微的；次要的","","","recognition"
"flawless","","完美的；無瑕的","","","production"
"repetitive","","重複的；反覆的","","","production"
"enhance","v.","enhance [v.]","Good lighting can **enhance** the atmosphere of a room.","** enhance performance|quality","recognition"
"demanding","adj.","吃力的；要求高的","The pentathlon event was too **demanding** for many athletes.","","recognition"
"becoming increasingly prevalent in","","在...日益普及","","** prevalent (普及的|盛行的)","production"
"excruciating","adj.","極度痛苦的；難忍受的","Suffering from shock and experiencing **excruciating** pain, Coots... made it back to the shore.","** 形容肉體或精神上的劇痛","recognition"
"aggravate the problem","","加劇問題","","** aggravate|exacerbate|worsen + the problem|situation|condition","production"
"a wide variety of","","各式各樣的","","","production"
"put/place emphasis on the importance of...","","強調...的重要性","","** emphasis 是名詞，動詞用 emphasize","production"
"ubiquitous","adj.","無所不在的；普遍的","Smartphones have become **ubiquitous** in modern society.","** be ubiquitous in...","recognition"
"diminish","v.","減少；減弱；貶低","His influence in the company has **diminished** over the years.","","recognition"
"an enormous amount of","","大量的","","","production"
"take ... by storm","","大受歡迎；風靡...","Dozens of video movies... have **taken Japan by storm**.","","recognition"
"miniature","adj./n.","微型的；縮影","","","recognition"
"confine sb./sth. to ...","","將...局限於... (c...)","","** confine 為動詞，指限制在某個空間或範圍內","production"
"Such... that...","","如此...以至於...","It was **such** a cold day **that** the lake froze over.","** Such + N. + that clause (比較: So + adj.|adv. + that)","recognition"
"phenomenal","adj.","非凡的；驚人的；現象級的","In three months, the change was **phenomenal**.","","recognition"
"the turnover rate of sth.","","（某事物的）汰換率","","** 常用於電子產品、流行服飾或員工流動","production"
"meager","adj.","貧乏的；微薄的","They work long hours in unsafe conditions and for **meager** wages.","** 常形容薪水、食物或供給 (meager income|diet)","recognition"
"a host of","phr.","大量的","These berries provide **a host of** vitamins that are essential for health.","** a host of + 複數名詞 (許多；大量)","recognition"
"widespread adoption","","廣泛採用 n.","","** adoption (採用)","production"
"remotely","adv.","絲毫(不)；遠程地","I’m not **remotely** interested in what he has to say.","** not remotely + adj. (一點也不...)|work remotely (遠端工作)","recognition"
"elongated","adj.","拉長的；細長的","The artist is known for painting figures with **elongated** necks.","** e- (向外) + long (長) + -ate (動詞)","recognition"
"reach fever pitch","phr.","達到狂熱狀態；達到高潮","Excitement for the concert **reached fever pitch** as the band took the stage.","** fever pitch (極度興奮的狀態)","recognition"
"too ... to + VR","","太...以至於難以...","","** 否定含意：太...而不能...","production"
"減輕；緩和","","mitigate","","**  mitigate global warming","production"
"prevalent","adj.","普遍的；盛行的","Flu infections are particularly **prevalent** during the winter months.","** be prevalent in + 地方|時間","recognition"
"frenzy","n.","狂熱；瘋狂；極度激動","But, unlike the hiring **frenzy** decades ago, most employers are taking a long look at candidates.","** a feeding frenzy|in a frenzy of rage","recognition"
"magnitude","n.","巨大；規模；重要性","They didn't realize the **magnitude** of the earthquake until later.","** order of magnitude (數量級)","recognition"
"not ... at all","","一點也不...","","","production"
"充滿...；擠滿...","","充滿...；擠滿...","","** be packed with + N.","production"
"brimming with","","充滿；洋溢著","**Brimming with** numerous fabulous scenes and sights...","","recognition"
"be of paramount importance","","至關重要的","","","production"
"girth","n.","周長；圍長；腰圍","The old tree has a massive **girth**.","** tree girth (樹圍)","recognition"
"bridge the gap","","縮小差距","","** bridge|narrow|close + the gap (between A and B)","production"
"substantiate","v.","證實；證明...有根據","There is no evidence to **substantiate** his claims.","** substantiate an allegation|claim","recognition"
"not necessarily","","未必；不一定","","","production"
"come across","","偶然遇見；無意中發現","","","production"
"verify the facts","","查證事實","","** verify (核實|查證)","production"
"have a myth","","有錯誤的迷思/觀念","Many people **have a myth** that they can save whatever is left over.","","recognition"
"attest to","","證實；證明","Anyone who has browsed through social media can **attest to** that...","** attest to + N.|that-clause","recognition"
"a guarantee of","","...的保證","","** guarantee (保證)","production"
"broaden one's horizons","","拓展視野","","** broaden|expand|widen + one's horizons|perspective|outlook","production"
"pseudoscience","n.","偽科學","Astrology is often considered a **pseudoscience**.","","recognition"
"gain insight into","","了解","","** gain insight into + N.","production"
"dubious","adj.","懷疑的；可疑的","I am **dubious** about his ability to do the job.","","recognition"
"be unaccounted for","","下落不明；無法解釋","","","production"
"criterion","n.","標準；準則 (複數: criteria)","Academic ability is not the only **criterion** for admission.","** meet the criteria","recognition"
"showcase / show","","展示","","","production"
"empirical","adj.","經驗主義的；以觀察或實驗為依據的","The theory is supported by **empirical** evidence.","** empirical data|study","recognition"
"pieces of evidence","","證據 (注意用法)","","** evidence 為不可數，量詞要用 a piece of","production"
"ambiguity [U.]","","歧義；模稜兩可","","","production"
"enigma","n.","謎；難解的事物","The reason for what follows remains an **enigma** for zoologists and naturalists.","** remain an enigma (仍是一個謎)","recognition"
"explicit","adj.","明確的；詳盡的","He gave me **explicit** instructions on how to get there.","","recognition"
"the core tenet of","phr.","...的核心原則/信條","Freedom of speech is **the core tenet of** any democratic society.","** tenet (教義；宗旨)","recognition"
"be believed to have Vpp.","","被相信曾... (完成式用法)","","","production"
"nuance","n.","細微差別；韻味","The translator missed the **nuance** of the original text.","** subtle nuance","recognition"
"unequivocal","adj.","毫不含糊的；明確的","He said **unequivocally** on the radio that people are very upset...","","recognition"
"distort","v.","扭曲；曲解","The media should not **distort** the facts.","** distort the truth|reality","recognition"
"bias","n.","偏見；成見","The reporter was accused of showing political **bias**.","** bias against|towards...","recognition"
"conflicting phenomena","","矛盾的現象","","","production"
"demonstrate","","展現 (比 show 更正式)","","**  demonstrate confidence","production"
"模棱兩可的；含糊不清的","","ambiguous","","","production"
"context","","語境；情境","","","production"
"implicit","adj.","暗示的；含蓄的","Her silence was an **implicit** agreement to the plan.","** implicit trust (絕對的信任)","recognition"
"comprehension of","","對...的理解","","** comprehension (理解力|理解)","production"
"plausible","adj.","貌似合理的；可信的","His explanation sounds **plausible**, but I'm still skeptical.","","recognition"
"explore unknown territories","","探索未知領域","","** territory (領域|領土)","production"
"more to it than meets the eye","","事情沒那麼簡單 (成語)","","","production"
"no longer / not ... anymore","","不再... (次序/頻率)","","","production"
"last/next/this + 時間","","時間副詞 (last/next)","","","production"
"ephemeral![WrPUxs.mp3](1piwZFzO.mp3)","WrPUxs.mp3","短暫的；瞬息即逝的","Fashion trends are often **ephemeral** and change quickly.","** ephemeral fame|beauty","recognition"
"archaic","adj.","古老的；過時的","...making handwriting an **archaic** form of expressing best left to the banana leaves...","","recognition"
"dawn","n.","黎明；拂曉","The hunters went out just before **dawn**.","** at dawn (在黎明時分)；也可當動詞表示「開始|明白」。","recognition"
"early","","早期的 (注意：非 prior)","","** 指時間點較早 (prior 則指在某事之前的)","production"
"for a long time","","長久的","","** 常與完成式連用","production"
"consecutive","adj.","連續的","She led her team to five **consecutive** national championships.","** for three consecutive days (連續三天)","recognition"
"ancient","","古代的","","","production"
"set aside [time] for N/Ving","","撥出時間做...","","** set aside (撥出|保留)；for 是介系詞","production"
"have been V-ing","","一直（做某事）","","** 表示從過去持續到現在且仍在進行","production"
"momentarily","adv.","片刻地；立刻/隨即 (美式)","I will be with you **momentarily**.","** 暫時 (for a moment); 很快 (very soon)","recognition"
"used to","","曾經 (過去習慣)","","","production"
"Never before has there been an era","","以前從未有過這樣的時代 (倒裝強調)","","** Never before 放在句首時，主詞動詞需倒裝","production"
"past / previous experience","","過去的經驗","","** 描述個人經歷時，不建議使用 early 或 prior","production"
"remind sb. of sth.","","使人想起...","","","production"
"elapse","v.","(時間) 流逝；過去","Many years had **elapsed** before they met again.","** 常指時間的經過","recognition"
"within","","在...之內 (時間)","","","production"
"last for / continue for","","持續 (時間)","","","production"
"stand the test of time","","經得起時間的考驗；歷久彌新","...whose novels have **stood the test of time** and remain as ones of the most read books...","","recognition"
"today's","","當今的；現今的","","** 常放在名詞前，如 today's world|society","production"
"consistent","","持續的；始終如一的","","","production"
"out of date / out of fashion","","過時的；退流行的","","","production"
"once","","以前 (用於簡化內容)","","** 比起 which had been 更簡練地表達「以前是...」","production"
"keep in mind (not) to","","記住(不)要做某事","","** 後接原形動詞","production"
"imminent","adj.","即將發生的；迫在眉睫的","Dark clouds suggest that a storm is **imminent**.","** imminent danger","recognition"
"primitive","adj.","原始的；遠古的","The museum displays **primitive** tools used by early humans.","** 常與 society, culture 搭配。","recognition"
"注意: 拼寫中間有 r","","二月","","","production"
"post-pandemic era","","後疫情時代","","** pandemic (大流行)","production"
"on","","特定日期的介系詞","","","production"
"contemporary","adj.","當代的；同時代的","He writes about **contemporary** social issues.","** contemporary art","recognition"
"to date","","以此為止；至今","This is his best novel **to date**.","","recognition"
"for good","","永遠地；一勞永逸地","After this argument, they decided to break up **for good**.","","recognition"
"reduce the amount of time","","減少...的時間量","","** amount (量) 用於修飾不可數的時間","production"
"ever-changing","","千變萬化的","","** 用於形容科技、世界或環境","production"
"subsequent","","隨後的；接著發生的","","","production"
"the other day","","前幾天","","** 用於過去式","production"
"in the long run","","從長遠來看；最後","","** 用於描述最終產生的結果或影響","production"
"keep up with","","跟上...的腳步","","","production"
"the fifth century","","第五世紀 (序數用法)","","","production"
"at times","","適時；有時","","** 相當於 sometimes 或 occasionally","production"
"wave after wave","","一波接一波","","","production"
"the whole year / all year round","","一整年","","","production"
"fleeting","","轉瞬即逝的","","** 描述時間、青春或機會","production"
"set out","v.","陳述；闡明（觀點、理由）","The report **sets out** the main reasons for the project's failure.","** set out a plan|argument","recognition"
"learn from failure","","從失敗中學習","","** learn from one's mistakes|failure","production"
"the fundamental way to V","","...的根本方法","","** fundamental (根本的|基礎的)","production"
"discern","v.","辨別；看出","It is difficult to **discern** the truth from the lies.","** discern the difference","recognition"
"stay alert to","","對...保持警覺","","** stay alert to + N.","production"
"According to","","根據 (消息來源)","","","production"
"First and foremost","","首要的是 (轉折語)","","","production"
"precaution","","預防措施","","","production"
"克制；避免","","克制；避免","","** refrain from + V-ing|N.","production"
"visualize","","想像；使形象化","","","production"
"replace B with A","","用 A 取代 B","","** 注意 A 是「新的東西」，B 是「被換掉的東西」","production"
"maneuver","n./v.","策略；調動；演習","He knew the moves and **maneuvers**, the counters and the attacks.","","recognition"
"weave in","","編入；穿插；切入","The author managed to **weave in** some historical facts into the fiction story.","** weave A into B (將 A 巧妙編入 B)","recognition"
"scrutinize","","仔細審視；詳細檢查 (s...)","","** scrutiny (n.) under close scrutiny","production"
"call off","","取消","Due to the heavy rain, they had to **call off** the baseball game.","** call off + activity|event","recognition"
"leave out","","遺漏；省略；不包括","Don't **leave out** any details when you write the report.","** leave sb.|sth. out","recognition"
"a fast learner","","學得很快的人","","","production"
"stem from","","源於...","","","production"
"facilitate","v.","促進；使便利","The new software will **facilitate** teamwork.","** facilitate communication","recognition"
"come to grips with","","開始理解並處理；認認對付","...her attempts to **come to grips with** cultures that are worlds away from her party-animal lifestyle...","","recognition"
"In contrast / By contrast","","與之相比；相反地","","** 用於對比兩件截然不同的事","production"
"culminate in","v. phr.","以...告終；達到頂點","The years of hard work **culminated in** a successful product launch.","** culminate in + 結果|高潮","recognition"
"hypothetical","adj.","假設的；假定的","Let's consider a **hypothetical** situation where you win the lottery.","** hypothetical question","recognition"
"tell A and B apart","","區別 A 與 B (t...)","","** tell ... apart 指辨識兩者之間的差異","production"
"clear goals","","清晰的目標","","** set clear goals (設定清晰的目標)","production"
"acumen","n.","敏銳；聰明；判斷力","Historians may differ in their assessment of her political **acumen**...","** business acumen|political acumen","recognition"
"think outside the box","","跳脫框架思考","","","production"
"Compared with/to ...","","與...相較之下","","** 置於句首修飾後方主詞","production"
"elicit","v.","引出；誘出","The questionnaire was designed to **elicit** honest responses.","** elicit a response|reaction","recognition"
"comb through","v. phr.","仔細搜尋；搜遍","The detectives **combed through** the crime scene for any possible evidence.","** comb (梳頭髮|搜尋)；形容非常仔細的尋找","recognition"
"lead to / give rise to","","導致；引起","","","recognition"
"deal with","","處理；應付","","","production"
"give priority to","","優先考慮","","** priority (優先權)；to 是介系詞","production"
"stimulate creativity","","激發創意","","** stimulate|spark|foster|nurture + creativity|innovation|imagination","production"
"as if / as though + S. + V. (假設語氣)","","彷彿；好像","","** 若與事實相反，動詞用過去式 (如 were)","production"
"screen out","v. phr.","篩選掉；過濾掉","The software is designed to **screen out** spam emails automatically.","","recognition"
"flash into one's mind","","（沒來由地）突然想到","The idea suddenly **flashed into his mind** while he was driving.","","recognition"
"enlighten","v.","啟發；開導；闡明","","","recognition"
"concede","v.","承認(失敗/錯誤)；讓步","He finally had to **concede** that he was wrong.","** concede defeat","recognition"
"prioritize A over B","","比起 B 更重視 A；選擇 A 而非 B (p...)","","prioritize (優先考慮|重視)","production"
"deep-rooted belief / deeply ingrained notion","","根深蒂固的觀念","","** deep-rooted|deeply ingrained + belief|notion|prejudice|habit","production"
"It is … that really count / What really matters is …","","真正重要的是... (強烈語氣)","","** 用於強調句型","production"
"aggregate","v.","聚集；總計","The website **aggregates** news from various sources into one page.","** in the aggregate (總體上)","recognition"
"assert","v.","斷言；主張","He continued to **assert** his innocence despite the evidence.","** assert one's rights (維護權利)","recognition"
"render + O. + O.C. (N./adj.)","","使...變成...","","","production"
"piece together","v.","拼湊（事實、真相）","The investigators are trying to **piece together** what happened on the night of the crime.","** piece together the evidence|story","recognition"
"make up for","v.","補償；彌補","He bought her flowers to **make up for** forgetting their anniversary.","** make up for the lost time|mistake|**  make up for one's lack","recognition"
"be associated with","","與...聯想在一起；與...有關聯","","","production"
"ensure","","確保","","","production"
"avert","v.","避免；防止；轉移(目光)","In order to **avert** what appears to be a looming crisis...","","recognition"
"put off ... until/to ...","","把...拖延至...","","** put off + N.|V-ing (延期)","production"
"tune out","v. phr.","置之不理；對...充耳不聞","When the lecture gets boring, I tend to **tune out** and daydream.","** tune out noise|someone (無視噪音或某人的話)","recognition"
"The former ..., (while) the latter ...","","前者...，後者...","","** 用於指代前文提到的兩個對象","production"
"dawn on","v.","頓悟；突然明白","It **dawned on** him that yellow could work for a caution.","** It dawned on sb. that...","recognition"
"開始；（足球）開球","","kick off","","","production"
"ideas take shape","v. phr.","想法成形；具體化","After several meetings, our **ideas** finally began to **take shape**.","** take shape (成形|呈現雛形)","recognition"
"be inspired by","","受...啟發 (電影/藝術)","","","production"
"had better","","最好... (建議)","","","production"
"stay focused","","保持專注","","** stay + adj. (保持...的狀態)","production"
"fallacy","n.","謬誤；錯誤的觀念","It is a common **fallacy** that cold weather causes the flu.","** logical fallacy (邏輯謬誤)","recognition"
"It is no wonder that...","","難怪...","","","production"
"For want of","phr.","缺乏；因缺少...","The project failed **for want of** adequate funding.","** for want of + N. (因缺乏某物)","recognition"
"analogy","n.","類比；比擬","The teacher used an **analogy** between the heart and a pump to explain how it works.","** draw an analogy between A and B","recognition"
"seek inspiration in","","在...中尋找靈感","","** seek (尋找)；inspiration (靈感)","production"
"make a decision","","做決定","","** 固定用 make，絕對不可說 do a decision","production"
"in order to","","為了... (目的)","","","production"
"resort to","","訴諸於...；採取... (通常指不得已的手段)","...inhabitants had to **resort to** cannibalism in order to survive...","** resort to + N.|V-ing","recognition"
"if ... at all","phr.","如果真的做得到的話（甚至可能根本做不到）","We will get there by midnight, **if** we can make it **at all**.","** at all 有否定意思，所以是講反話的感覺，暗示可能性極低","recognition"
"做好準備","","gear up","","","production"
"compelling","adj.","compelling [adj.]","There is **compelling** evidence that the climate is changing.","** compelling reason|story","recognition"
"take ... personally","","視為針對個人","","","production"
"formulate","v.","構想；制定；明確表達","We need to **formulate** a new strategy to increase sales.","** formulate a plan|theory","recognition"
"pragmatic","adj.","務實的；實用主義的","We need a **pragmatic** solution to this crisis, not just theories.","** pragmatic approach|attitude","recognition"
"對...持保留態度（存疑）","","have reservations about","","","production"
"unconsciously / unwittingly","","不知不覺地","","** 指沒意識到地做某事","production"
"raise questions about","","提出、引起質疑","","** raise + questions|doubts|concerns + about","production"
"phase out","v.","逐步淘汰；分階段停止使用","The airline is **phasing out** its older planes to reduce fuel costs.","** phase out sth.","recognition"
"bring out","","生產；推出；襯托出","The new policy aims to **bring out** high-quality electronic devices.","** bring out a product (推出產品)|bring out the best in sb. (激發某人最好的一面)","recognition"
"in turn","","繼而、轉而、接而","Stress causes illness, which **in turn** reduces productivity.","** A 導致 B，B **in turn** (接著) 導致 C","recognition"
"arbitrary","adj.","武斷的；任意的","The decision seemed **arbitrary** and unfair to the employees.","** arbitrary rule|decision","recognition"
"take full advantage of sth.","","充分利用 (機會/資源)","","** advantage (優點|優勢)","production"
"draw a conclusion","","得出結論","","** draw|reach|come to + a conclusion","production"
"weigh the pros and cons","","權衡利弊","","** weigh + the pros and cons|the advantages and disadvantages|the options","production"
"familiarize oneself with","","熟悉","","","recognition"
"entail","v.","牽涉；勢必造成","The project will **entail** a lot of hard work.","** entail risk|cost","recognition"
"tailor","v.","量身打造；調整；裁製","...know how to handle a variety of subjects or to **tailor** instruction for children of different ages?","** tailor A to B (根據 B 調整 A)","recognition"
"settle for the reality","","接受現實 (s...)","","","production"
", thereby Ving...","","，從而... (分詞構句)","","** thereby 為副詞，常接 V-ing 作為結果","production"
"be convinced of","","深信；確信（某一事實）","","","production"
"In the eye of the beholder","","情人眼中出西施","","","production"
"distract sb. from sth.","","分散注意力；使人分心","","** distract (v.)|distracting (adj. 令人分心的)","production"
"phase in","v. phr.","逐步採用；分階段實施","The new security regulations will be **phased in** over the next six months.","** 相反詞為  phase out (逐步廢除)","recognition"
"judging from/by ...","","從...來看；根據...判斷","","** 置於句首的固定分詞慣用語，後接 N.","production"
"mull over","v.","仔細思考；反覆推敲","I need a few days to **mull over** your proposal before I give you an answer.","** mull over a decision|idea","recognition"
"contradict","v.","反駁；與...矛盾","The witness's statement seemed to **contradict** the evidence.","** contradict oneself","recognition"
"bring about","","造成；導致","","","recognition"
"out of safety concerns","","基於安全考量","","","production"
"account for","","解釋了...的原因；是...的關鍵理由","","account for + N. (解釋...原因)","production"
"iron out","v.","解決；消除（分歧、困難）","The two companies managed to **iron out** their differences before signing the contract.","** iron out difficulties|differences","recognition"
"trance-like","adj.","恍惚的；入迷的；如神魂超拔般的","The dancers moved in a **trance-like** state, oblivious to the crowd.","** trance (昏迷|發呆狀態) + -like (像...的)","recognition"
"inherent","adj.","固有的；與生俱來的","There are risks **inherent** in investing in the stock market.","** inherent nature|danger","recognition"
"adjust one's attitude","","調整心態","","","production"
"push the boundaries","","突破界限；挑戰極限","The artist tries to **push the boundaries** of modern design further.","** push the boundaries of + N.","recognition"
"view / regard","","看待；視為","","** view A as B","production"
"judge a book by its cover","","以貌取人 (書皮)","","** 固定慣用語，指僅憑外表判斷價值","production"
"hold one's horses","","慢一點；別急 (稍安勿躁)","**Hold your horses**! We haven't decided where to go yet.","** 常用於口語，叫人冷靜或等一下。","recognition"
"derive","v.","源自；獲得","Many English words are **derived** from Latin.","** derive A from B|be derived from","recognition"
"contemplate","v.","深思；沉思；凝視","He carefully planned each action, **contemplated** every possible counter maneuver...","** contemplate V-ing|contemplate N.","recognition"
"Not only + 助動詞 + S. + V., but (also) ...","","不僅...而且... (倒裝句用法)","","** Not only 放在句首時，前句須倒裝","production"
"look upon ... as ...","","把...視為...","","","production"
"detrimental","adj.","有害的；不利的","Smoking is **detrimental** to your health.","** be detrimental to...","recognition"
"別無選擇只能...","","別無選擇只能...","","","production"
"lifelong regret [C.]","","終身遺憾","","","production"
"fall through","v.","（計劃、交易）告吹；化為泡影","The sale of the house **fell through** because the buyers couldn't get a mortgage.","** a plan|deal falls through","recognition"
"bear the inconvenience","","忍受不便","","","production"
"force sb. to V.","","迫使","","","production"
"be stuck in","","被困在...中","","","production"
"冒著安全風險","","冒著安全風險","","","production"
"handcuffing (yourself)","","束縛自己","","","production"
"one's reputation suffers","","名聲受損","","** suffer 在此作不及物動詞，指「受損|變差」","production"
"plunge headlong into/on","","倉促投入；魯莽行事；一頭栽進","He shouldn't **plunge headlong into** marriage without thinking.","** headlong (頭朝前地|輕率地)。","recognition"
"What is regrettable is that...","","令人遺憾的是...","","** 後接子句，用於寫作轉折","production"
"disgust and contempt","","厭惡與鄙視","","** 均為不可數名詞","production"
"lurking","adj./v-ing","潛伏的；埋伏的","The lion was **lurking** in the tall grass, waiting for its prey.","** lurk (v.) 潛伏；(在社群媒體) 潛水","recognition"
"encounter setbacks","","遭受挫折","","** encounter (遭遇)；setback (挫折)","production"
"skepticism","n.","懷疑論；懷疑態度","Credits are not always given as the Batman... meet with public **skepticism**.","","recognition"
"be overwhelmed by","","被...淹沒；難以招架","","","production"
"choke","","哽咽","","","production"
"be under pressure","","承受壓力","","** be under + pressure|stress|strain","production"
"讓...身處危險","","讓...身處危險","","","production"
"regretful","","感到懊悔的","","","production"
"ordeal","n.","嚴峻考驗；折磨；煎熬","He chose the exact same beach where he had suffered his traumatic **ordeal**...","** a terrifying ordeal","recognition"
"impose a burden on","","造成負擔","","** impose|place|put + a burden on + 人|群體","production"
"in vain","","徒勞無功；白費","","","production"
"feel at a loss","","感到失落/不知所措","","","production"
"develop bad habits","","一旦養成壞習慣 (d...)","","** develop|form a habit (養成習慣)|**  (entrenched - 根深蒂固的)","production"
"hesitate to + VR","","不願意/猶豫做某事","","** won't hesitate to (毫不猶豫地...)","production"
"take its toll","","take its toll","The event was too demanding, and age **took its toll**.","** take a heavy toll on + N.","recognition"
"on impulse","","一時衝動","","","production"
"instant gratification","","即時享樂","","gratification (滿足；滿意)","production"
"pay the price","","付出代價","","** pay the price|pay dearly + for + N.|Ving","production"
"outburst","n.","(情緒) 爆發；噴出","Her sudden **outburst** of anger shocked everyone in the room.","** an outburst of anger|laughter","recognition"
"dilemma","n.","進退兩難；困境","She faced a moral **dilemma** between loyalty and honesty.","** in a dilemma","recognition"
"不敢嘗試","","不敢嘗試","","** dare (敢於)","production"
"underwhelming","adj.","令人失望的；未達預期的","The movie's ending was **underwhelming** after such a great buildup.","","recognition"
"scramble into","","慌張地走進 (s...)","","** scramble 指倉促、慌亂地移動","production"
"take umbrage at","","對...感到生氣/被冒犯","But the computer of the future is likely to talk back and **take umbrage at** such ill-tempered rantings.","** umbrage 原意是「陰影」，引申為心中的陰影(不快)。","recognition"
"leaves... feeling suffocated / overwhelmed","","讓（某人）感到喘不過氣/難以承受","","** suffocated (窒息的)；overwhelmed (難以承受的)","production"
"grave danger","","grave danger","The patient is still in **grave danger**.","","recognition"
"torture","","折磨","","","production"
"prevent ... from ...","","使...不敢/無法...","","","production"
"risk","","冒著...的危險","","","production"
"misplaced","adj.","放錯地方的；不適切的","His confidence was **misplaced**, as he had not prepared for the exam at all.","** misplaced trust|confidence (錯付的信任|信心)","recognition"
"cross","adj.","生氣的；易怒的 (熟詞生義)","Poor Sandy was getting very tired and ever so **cross**...","","recognition"
"lukewarm","adj.","微溫的；冷淡的 (反應不熱烈)","He gave a **lukewarm** response to our proposal, showing little interest.","** lukewarm water|lukewarm support","recognition"
"be in crisis","","面臨危機","","** crisis [n.] 危機","production"
"weep","v.","weep [v.]","She started to **weep** when she heard the sad news.","","recognition"
"be ambivalent about","","對...感到矛盾/心情複雜","","** ambivalent (adj.) 矛盾的 (ambi- = both)","production"
"vengeance","n.","復仇；報復","He swore to take **vengeance** on those who killed his father.","** take vengeance on sb.","recognition"
"cynical","adj.","憤世嫱俗的；冷嘲熱諷的","He is **cynical** about politicians' promises.","** be cynical about...","recognition"
"be caught in a dilemma","","陷入困境","","** be caught in|face|confront + a dilemma","production"
"off guard","","off guard","The sudden question caught the politician **off guard**.","** catch sb. off guard","recognition"
"feel inferior","","感到自卑 (i...)","","** feel inferior to sb. (感到比某人卑微)","production"
"scramble for dear life","","拼命地；為了保命而拼搏","The hikers were **scrambling for dear life** to escape the sudden rockfall.","** for dear life 為慣用語，常用於拚命逃跑、呼喊或緊握。","recognition"
"hazardous","","危險的；有害的","","","production"
"unwavering","adj.","堅定的；不動搖的","Her **unwavering** support helped him through the difficult times.","","recognition"
"narcissistic","adj.","自戀的；自我陶醉的","His **narcissistic** behavior made it difficult for him to maintain relationships.","","recognition"
"be proactive in Ving","","積極主動的（做某事）","","** 後接行為習慣搭配 in + V-ing","production"
"a clear conscience","","問心無愧 (清白的良心)","","** conscience [n.] 良知|良心 (不可拼錯)","production"
"staid","adj.","古板的；嚴肅無趣的","The company is trying to change its **staid** image to attract younger customers.","","recognition"
"Self-discipline is the foundation of success.","","自律是成功的基礎","","** foundation (基礎|地基)；self-discipline (自律)","production"
"intense curiosity and keen observation","","強烈的好奇心與敏銳的觀察力","","** intense (強烈的)；keen (敏銳的)","production"
"integrity","n.","正直；誠實；完整性","He is a man of high **integrity** who never lies.","** territorial integrity (領土完整)","recognition"
"go out of one’s way","v. phr.","特地；費盡心思","She **went out of her way** to make the exchange student feel welcome.","** go out of one's way + to V.","recognition"
"shortcomings","","缺點 (注意：可數)","","** 指人格、計畫或系統的短處","production"
"demonstrate confidence","","展現自信","","** demonstrate (展現|證明)","production"
"frivolous","adj.","輕浮的；草率的；無聊的","Elizabeth is not aggressive, rebellious or **frivolous**.","** frivolous behavior|lawsuit","recognition"
"put oneself in others' shoes","","設身處地為人著想","","","production"
"承諾；致力於","","承諾；致力於","","","production"
"an inclusive attitude","","包容的態度","","** inclusive (包容的)","production"
"eccentric","adj.","古怪的；反常的","The billionaire was known for his **eccentric** habits.","** eccentric character","recognition"
"consider oneself superior to others","","自覺比他人優越","","** superior|inferior 固定搭配介系詞 **to**，不可用 than","production"
"generosity","U.","慷慨","","","recognition"
"面對... (困難/挑戰)","","面對... (困難/挑戰)","","** in the face of difficulties","production"
"be willing to","","願意...","","","production"
"a sense of identity with...","","對...的認同感","","** 固定搭配介系詞 with","production"
"resilience","","韌性","","** 描述面對挫折時的恢復力","production"
"battle one's way through","","奮力穿過；披荊斬棘","We had to **battle our way through** the crowded market.","** battle one's way + 介系詞片語","recognition"
"remain cautious","","保持謹慎","","","production"
"be devoted to","","致力於","","","production"
"spontaneity","n.","自發性；自然而然","The couple enjoyed the **spontaneity** of their unplanned road trip.","","recognition"
"adhere","v.","遵守；黏附","All members must **adhere** to the strict rules of the club.","** adhere to + N. (堅持；遵守)","recognition"
"diehard","adj.","頑固的；死忠的","You can find many **diehard** surfers who will try their sport anywhere.","","recognition"
"character and behavior","","品格與行為","","** character 指內在品質|人格","production"
"set high standards for sb.","","為某人設下高標準","","** set standards (設定標準)","production"
"meticulous","adj.","一絲不苟的；嚴謹的","","","recognition"
"eliminating / getting rid of (selfishness and greed)","","消除 (負面特質)","","** 消除私心、貪婪等特質用 eliminate，不可用 clear up","production"
"take responsibility for","","承擔責任","","** take|assume|bear + responsibility for + N.|Ving","production"
"perseverance","","毅力 (注意拼字: per-se-ver...)","","","production"
"aspiring","adj.","有抱負的；志向...的","The workshop is designed for **aspiring** young writers who want to publish their first book.","** aspiring + 職業名","recognition"
"dogmatic","adj.","武斷的；教條主義的","He is too **dogmatic** to listen to other people's opinions.","** dogmatic beliefs","recognition"
"impartial","adj.","impartial [adj.]","A judge must remain **impartial** during the trial.","** impartial advice","recognition"
"the last person to + VR","","絕不會...的人","","** 表示「最不可能做某事的人」","production"
"character development","","人格發展","","** character [U.] (人格|品格)","production"
"complacent","adj.","自滿的；掉以輕心的","","","recognition"
"persistence in ...","","對...的堅持","","** persistence 後固定接介系詞 in","production"
"unfailing enthusiasm","","始終如一的熱忱","","** unfailing (不懈的|始終如一的)","production"
"resist the temptation","","抵抗誘惑","","","production"
"lofty moral standards","","崇高的道德標準","","** lofty (崇高的)；moral (道德的，形容詞)","production"
"take ... in stride","","從容應對；泰然處之","...managing to **take it all in stride**.","","recognition"
"care for others","","關心別人","","** care for = take care of|look after","production"
"面對（艱鉅的）情況","","面對（艱鉅的）情況","","","production"
"withstand","","承受；經得起","","","production"
"demonstrate determination","","展現決心","","** demonstrate|show|display + determination|commitment|resolve","production"
"go through with","v.","完成（已決定但艱難或令人不安的事）","Despite his nervousness, he decided to **go through with** the surgery.","** go through with a plan|action","recognition"
"be liable to","","有...的傾向；易患...","","","production"
"thanks to one's persistence","","幸虧某人的堅持","","** persistence (堅持不懈，正面) vs insistence (堅持己見，常帶負面)","production"
"graciously","adv.","優雅地；和藹地","She **graciously** accepted the award and thanked her team.","** 形容詞為 gracious。","recognition"
"stand in others' shoes","","設身處地為他人著想","","** 亦可寫作 put oneself in someone's shoes","production"
"cope with / deal with","","應對未知挑戰/處境","","","production"
"reveal underlying emotions","","透露潛在的情緒","","** reveal (揭露)；underlying (潛在的|深層的)","production"
"rousing","adj.","激動人心的；鼓舞鬥志的","The speaker gave a **rousing** speech that inspired everyone to take action.","** a rousing cheer|a rousing speech","recognition"
"earn compliments and adoration","","贏得讚美與愛慕","","** earn 指憑努力獲得（尊敬|稱讚）；compliment (讚美)","production"
"On the path to success","","在(追求)成功的道路上","","** path (路徑|小徑)","production"
"most anticipated","","最期待的","","","production"
"be renowned for / be famous for","","以...聞名","","","production"
"allure","n.","誘惑；吸引力","The **allure** of easy money is hard to resist.","","recognition"
"satisfaction with life","","對生活感到滿足 n.","","** satisfaction 後固定搭配介系詞 with","production"
"enchanting","adj.","迷人的；使人陶醉的","The forest looked **enchanting** in the soft glow of the moonlight.","","recognition"
"be hailed as","phr.","被譽為...；被稱頌為...","The new invention has **been hailed as** a breakthrough in medicine.","** be hailed as + 身分|地位","recognition"
"hysterically","adv.","歇斯底里地","The crowd was laughing **hysterically** at the comedian's jokes.","** hysterical (adj.) 極度激動的","recognition"
"change ... for the better","","把...變得更好","","","production"
"be of great help (to sb.)(in sth.)","","對...有很大幫助","","","production"
"maintain momentum","","維持動力","","** momentum (動力|勢頭)","production"
"fruits are piling up","","結果實；收穫多 (f...)","","","production"
"hope + (that) 子句","","希望 (Wish vs Hope)","","","production"
"gratitude","U.","感激","","","recognition"
"perform good deeds","","行善；做善事","","** deed (行為|功績)","production"
"intriguing","","引人入勝的","","","production"
"world-renowned","","舉世聞名的","","** renown (n. 名望)；renowned (adj. 有名的)","production"
"put ... on the map","","使...出名","","","production"
"get caught up in","phr.","陷入；捲入；沉浸於","It’s easy to **get caught up in** the excitement of the festival.","** 常指身不由己地捲入某種情況或情緒中","recognition"
"the tranquility (deep) within / inner peace","","內心的平靜/深處的寧靜","","** tranquility (寧靜)","production"
"one of the youngest champions","","其中一位最年輕的冠軍","","","production"
"liven up","","使活躍；使有生氣","Some music would help **liven up** the party.","","recognition"
"fame and fortune","","名利","","","production"
"benefit greatly from ...","","從...中獲益良多","","** benefit (v.) from + 來源","production"
"marvel at","","對...感到驚嘆/驚奇","often **marvel at** the beauty of the ancient temple.","** marvel (n.) 奇蹟; marvel (v.) 驚嘆","recognition"
"gain a foothold","","站穩腳步","","** gain|establish|secure + a foothold (in + 領域|市場)","production"
"take the first step","","踏出第一步","","** 指開始行動","production"
"look on the bright side of things","","看待事情光明的一面","","look on the bright side of + N. (固定片語)","production"
"pay off","v.","得到回報；取得成功","All the hard work finally **paid off** when he was awarded the scholarship.","** efforts|hard work pay off","recognition"
"have one's sights set on","","把目光投向...；目標鎖定...","The New Space industry **has its sights set on** space tourism.","","recognition"
"live up to","v.","符合（預期、標準）；不負（盛名）","The new movie didn't quite **live up to** the high expectations of the fans.","** live up to expectations|reputation","recognition"
"long for","v.","渴望","After years abroad, she **longed for** the comfort of home.","** long for N.|long to V.","recognition"
"reach one's potential","","發揮潛能","","** reach|realize one's potential","production"
"a gesture of appreciation","","出於對...的欣賞/感激","","","production"
"acclaim","","acclaim: 稱讚；推崇","The movie received wide **acclaim**, making the director **exclaim** with joy.","**  widespread acclaim","recognition"
"seize the opportunity","","抓住機會","","** seize|grasp|grab|take + the opportunity|chance","production"
"instill confidence in us","","給予我們信心 (i...)","","instill sth. in sb. (向某人灌輸|賦予某種特質)|**  instill into","production"
"seek/find comfort in ...","","從...中尋找慰藉","","** 介系詞用 in，不用 from","production"
"beat the odds","","克服困難；出奇制勝","","","production"
"diligent effort","","努力、付出","","diligent (勤勉的|辛勤的)","production"
"elation [U.]","","興高采烈","","","production"
"revered","adj.","受推崇的；受尊敬的","His works of art may not be as **revered** as Da Vinci's...","","recognition"
"a positive outlook on life","","正向的人生觀","","** outlook (觀點|展望)","production"
"escape life's heavy burdens","","脫離生活的沉重負擔","","** escape (逃避)；burden (負擔)","production"
"ecstatic","adj.","欣喜若狂的","Love felt so blessed and **ecstatic** that she forgot to ask the elder his name.","","recognition"
"battle one's way into","","奮力闖進；過關斬將進入","","","production"
"make a resolution","","許下願望/決心","","","production"
"realize our dreams","","實現夢想","","** realize|fulfill|achieve one's dreams","production"
"pursue","","追求","","","production"
"garnered widespread awareness in","","在...獲得廣泛關注","","** garner (獲得) + awareness|support","production"
"gain recognition from","","獲得認可","","** gain|earn|receive|win + recognition|approval|acknowledgment|**  peer recognition","production"
"ultimate prize","","終極獎金/獎項","Participants aimed at the **ultimate prize**: an olive wreath.","","recognition"
"win the title","","奪得冠軍 (職業運動常用)","","","production"
"come off as surprising","","看起來令人驚訝","","","production"
"achieve success","","獲得成功","","** achieve (達成|獲得)","production"
"came to life","","熱鬧起來/活過來","","** 形容氣氛變得熱絡","production"
"work one's tail off","","拼命工作；極其努力","...because you are going to **work your tails off** here!","","recognition"
"limelight","n.","眾人注目的焦點","...pushed it into the international **limelight**.","** be in the limelight|steal the limelight","recognition"
"lighten","v.","減輕；變亮；使輕鬆","Her words **lightened** his burden.","** lighten the load|burden, lighten the mood, lighten up (放鬆)","recognition"
"make a comeback","","東山再起；復出","","","production"
"a sense of identity and belonging","","認同感與歸屬感","","** 心理學高頻詞彙，sense of belonging (歸屬感)","production"
"maintain an optimistic/positive outlook","","保持樂觀；維持樂觀的態度","","","production"
"widespread acclaim","","廣受好評","","**  garner","production"
"gem","n.","寶石；難能可貴的人事物","This hidden restaurant is a real **gem**.","","recognition"
"material wealth","","物質財富","","** wealth [U] 不可數，指金錢或物質上的財產","production"
"tide someone over","v.","幫助（某人）渡過難關（尤指金錢）","Could you lend me some money to **tide me over** until my next paycheck?","** tide sb. over (a period)","recognition"
"logistical","adj.","後勤的；物流的","Delivering supplies to the remote village was a huge **logistical** challenge.","","recognition"
"work mode","","工作模式","","** 指工作的方式或型態 (如遠端或混合)","production"
"job opportunities","","就業機會","","** opportunity (機會)","production"
"at an affordable price","","以負擔得起的價格","","** affordable (負擔得起的)","production"
"in the workplace","","在職場上","","** workplace (職場|辦公室)","production"
"roll out","","推出(新產品)；實行(新制度)","The government plans to **roll out** the new policy next month.","** roll out a product|policy","recognition"
"scalable","adj.","可擴展的；可升級的","We need to design a **scalable** system that can handle millions of users.","** 常用於科技|商業，指系統能隨需求擴大","recognition"
"provide funding for/to ...","","提供資金給...","","** funding [U] 資金|撥款","production"
"deficit","n.","赤字；不足額","The government is trying to reduce the budget **deficit**.","** trade deficit|attention deficit","recognition"
"with a credit card / by credit card","","使用信用卡 (介系詞)","","","production"
"sock away","","存錢（以備不時之需）","Once you get your paycheck, decide how much you want to **sock away**.","","recognition"
"ensure a leading position","","確保領先地位","","** ensure (確保)；leading (領先的)","production"
"attach","","附上","","","production"
"grant a day off","","准予放假","","**","production"
"a sophisticated merchant","","世故的；老練的商人","","** sophisticated 指在社交或職業上經驗豐富、圓滑的","production"
"the risk of vanishing","","（產業）消失的危機","","** vanish (消失)；risk (風險)","production"
"incentive","n.","誘因；激勵","Bonus payments provide an **incentive** to work harder.","** financial incentive","recognition"
"draw / attract","","吸引 (人潮/顧客/觀眾)","","","production"
"endear","","使受喜愛 vs. 代言/背書","1. Her kindness **endeared** her to everyone.|2. The celebrity **endorsed** the new sneaker brand.","","recognition"
"suck up funding","v. phr.","耗盡資金；大量吸收經費","Large infrastructure projects tend to **suck up funding** from other social programs.","** 帶有批評「像吸塵器一樣把錢吸光」的意味","recognition"
"asset","","資產；寶貴的人事物","","","production"
"innovate","v.","innovate [v.]","Companies must **innovate** to stay ahead of the competition.","** innovate new products","recognition"
"follow","","聽取/關注關於...的抱怨","The company decided to **follow** complaints about the faulty battery carefully.","** 在此情境下 follow 指「關注後續發展」或「遵循意見」","recognition"
"close out","","結束；結清；清倉","The store is having a sale to **close out** its summer stock.","** close out a sale|an account","recognition"
"stiff competition","","stiff competition","FedEx faced **stiff competition** from other delivery services.","","recognition"
"make a living","","為了生存、生活、生計","","** earn|make a living by + V-ing","production"
"compensate","v.","補償；賠償","The company will **compensate** workers for their injuries.","** compensate for (彌補)","recognition"
"lucrative","adj.","獲利豐厚的；賺錢的","","","recognition"
"take charge of","","負責、掌管","","** be in charge of (負責中)；take charge of (開始負責)","production"
"the way we work","","工作方式","","** the way (that) + S + V","production"
"reputable","adj.","聲譽好的；值得信賴的","It is safer to buy electronics from a **reputable** dealer.","","recognition"
"consumption","","消費","","** 指行為或總量 (注意不是 purchase 購買行為)|**  consumption habits","production"
"the issue of unemployment","","失業問題","","** issue 為「議題|問題」","production"
"retail industry","","零售業","","** 零售業 (vs. wholesale 批發)","production"
"heavy foot traffic","","繁忙的人流；人潮擁擠","The shop is located in an area with **heavy foot traffic**.","** be with heavy foot traffic","recognition"
"meet the demand","","滿足需求","","** meet|satisfy|fulfill + the demand|need|requirement","production"
"Inc.","","公司；股份有限公司","","","production"
"invest in","","投資於... (介系詞)","","","production"
"gain access to","","獲得...的權限/途徑","","","production"
"assume control of","","接管；掌權","The new director will **assume control of** the project next week.","** assume (v.) 承擔(責任|控制); 假定","recognition"
"draw up","v.","草擬；準備（文件）","The lawyers are **drawing up** a formal agreement for the partnership.","** draw up a contract|list","recognition"
"allocate","v.","分配；撥出","The government will **allocate** more funds to education this year.","** allocate resources|funds","recognition"
"債臺高築","","債臺高築","","","production"
"live within one's means","","量入為出 (在能力範圍內生活)","","** means 在此指「財力|收入」","production"
"hold anniversary clearances","","舉辦週年慶清倉特賣","","","production"
"trailblazer","n.","先驅；開拓者","This concept made it a **trailblazer** for the so-called daily deals industry.","","recognition"
"however busy we are with work","","無論我們工作多忙","","** however + adj.|adv. + S + V (不論多麼...)","production"
"陷入債務","","陷入債務","","** fall (陷入|墜入) 的慣用法","production"
"maintain the operation of","","維持運作","","","production"
"amassing a fortune / making big money","","賺大錢","","","production"
"teller","n.","(銀行)出納員；講故事者","Please go to the next available **teller** for your deposit.","** bank teller (銀行櫃員); fortune teller (算命師)","recognition"
"commodity","n.","商品；日用品；有價值的物品","","","recognition"
"lay off","","解僱","","","production"
"public purse","","國庫；公共資金","The cost of the project will be paid from the **public purse**.","** 指政府的錢。","recognition"
"口齒伶俐的；清楚表達","","articulate","","","production"
"teamwork","","團隊合作 (單一單字)","","","production"
"problem-solving abilities / skills","","解決問題的能力","","** 學測作文描述競爭力時的最標準寫法","production"
"a good work attitude","","良好的工作態度","","** attitude toward|to (對...的態度)","production"
"expertise","","專業知識/技能 (不可數)","","** 常用搭配 professional|technical expertise","production"
"be qualified for","","具備資格","","** be qualified for + 職位|be qualified to + V.","production"
"accumulate experience","","累積經驗","","** accumulate|gain|acquire + experience|knowledge|skills","production"
"certificate","n.","證書；證明","You will receive a **certificate** of completion after finishing the training course.","** birth certificate (出生證明); degree (學位)","recognition"
"competitiveness","","競爭力","","** 名詞形式，由 competitive 演變而來","production"
"savvy","adj./n.","精明的；有見識的 / 常識","1. He is a **savvy** investor.|2. She has a lot of tech **savvy**.","** tech-savvy (精通科技的)。","recognition"
"sit an exam","","參加考試 (應試)","You must **sit the entrance exam** to get into this university.","** 英式用法常用 sit an exam；美式常用 take an exam。","recognition"
"code optimization","","程式碼優化","","** optimization (最佳化|優化)","production"
"educator","","教育工作者","","** 老師|教育者的正式稱呼","production"
"在某方面表現傑出","","在某方面表現傑出","","** excel 為動詞；其形容詞為 excellent","production"
"the start-of-class / end-of-class bell","","上/下課鐘聲","","** 指校園內的鐘聲","production"
"put ... into practice","","付諸實行","","","production"
"resolve","","解決具體挑戰/問題 (r...)","","** 用於解決具體的問題、衝突或危機|**  resolve conflicts","production"
"make up for the lack/shortage of abilities","","彌補能力不足","","** make up for (彌補)；lack (缺乏|不足)","production"
"提升效率","","提升效率","","","production"
"instill ... into children at an early age","","在孩子小的時候灌輸他們...","","** instill (觀念) into (對象)|**  instill in","production"
"work one's way up","","一步步晉升；力爭上游","Mr. Moses had **worked his way up** to become a leading industrialist.","** work one's way up the corporate ladder","recognition"
"work [U.] / job [C.]","","工作 (可數/不可數)","","","production"
"admission [U.]","","入學許可","","","production"
"終身學習","","終身學習","","","production"
"honed","adj./p.p.","磨練過的；精進的","She has **honed** her debating skills through years of practice.","** hone one's skills (磨練技能)","recognition"
"be making efforts to","","正致力於...","","** make efforts to + VR","production"
"toil [U.]","","辛勞；勞苦","","","production"
"groom","v.","培訓；訓練 (以擔任要職)","He is being **groomed** as a possible successor to the CEO.","","recognition"
"雄辩的；有說服力的","","eloquent","","","production"
"academic performance","","學業表現","","","production"
"crafted with","","精心製作；以...工藝製成","This mechanical watch is **crafted with** precision and care.","** be crafted with + 工具|態度 (如 care, precision)","recognition"
"attain academic excellence","","取得卓越的學術成就","","** attain 為正式用字","production"
"rote learning / rote memorization","","死記硬背","**Rote learning** of facts... is a painful way to learn.","** rote memorization of sth.","recognition"
"land a job","","成功謀得一份工作","We may imagine that it (enhancing IQ) would help us get better grades, **land a better job**...","","recognition"
"realize","","落實、兌現","","** 除了「意識到」，還有「實現|使之成為現實」之意\n**例句:** We hope the government will **realize** its promises soon.|**  realize our dreams","production"
"inexperienced","","經驗不足的","","","production"
"looting","n./v.","搶劫；掠奪","Several shops were damaged during the **looting** that followed the riot.","","recognition"
"the authorities concerned","","有關當局","","","production"
"ban","","禁止","","","production"
"deter","v.","阻撓；威懾","High prices may **deter** customers from buying the product.","** deter sb. from V-ing","recognition"
"report ... to ...","","向...舉報/告發","","","production"
"officials / authorities","","官員","","** government officials (政府官員)；authorities (當局|官方)","production"
"relevant regulations","","相關規定","","** relevant (相關的)；regulations (規定)","production"
"stiffen the penalty","","加重刑罰 (建議用字)","","** stiffen (使硬化|加強)","production"
"criminalize","v.","criminalize：把原本不犯罪的行為「定為刑事犯罪」（偏立法／正式用語）","The government decided to **criminalize** the possession of certain drugs.","","recognition"
"warden","n.","管理員；監獄長；典獄長","The prison **warden** is responsible for the safety of both inmates and staff.","** prison warden|traffic warden (交通稽查員)","recognition"
"run a red light","","闖紅燈","","","production"
"invoke","v.","invoke [v.]","The president may **invoke** emergency powers.","** invoke a law|spirit","recognition"
"crack down on","","嚴厲打擊；取締","Several cities are taking steps to **crack down on** shoplifting.","** crack down on crime|illegal activities","recognition"
"abuse","","虐待","","","production"
"falling victim to fraud","","被詐騙","","**","production"
"labor rights / workers' rights","","勞工權益","","** labor (勞工|勞動力)","production"
"mandatory","adj.","強制的；義務的","Wearing a seatbelt is **mandatory** by law.","** mandatory training","recognition"
"be sued for","v. phr.","因...而被控告/起訴","The company **was sued for** breach of contract.","** sue sb. for + 理由","recognition"
"industry norm","","業界規範","","","production"
"drunk driving","","酒駕","","** 亦可稱 DUI (Driving Under the Influence)","production"
"before the law","","在法律面前 (人人平等)","","** 法律術語，指在法律審視下","production"
"be strictly prohibited by law","","法律嚴格禁止","","** prohibit (禁止)；常用被動語態","production"
"go on strike","","罷工","","","production"
"penalty","","處罰 (注意拼字)","","** 複數為 penalties|**  stiffen the penalty","production"
"the police","","警方","","","production"
"comply with / abide by / adhere to","","遵守 (法律/規定)","","** 寫作建議少用 obey，這三組更正式","production"
"stand a fair trial","","接受公正審判","","** 法律文書常用 stand (面對|接受)","production"
"frame","v.","陷害；栽贓","He claimed that his enemies tried to **frame** him for the crime.","** frame sb. for sth. (因某事栽贓某人)","recognition"
"patent","","專利 vs. 強效的","1. The company filed a **patent** for their new invention.|2. This drug is extremely **potent**.","","recognition"
"uphold","","落實/維護 (權利)","","** 用於權利、法律、正義的維護","production"
"live out one’s sentence","phr.","服完刑期","He was forced to **live out his sentence** in a high-security prison.","** sentence 在此指「判決；刑期」","recognition"
"嚇阻 (法律用語)","","嚇阻 (法律用語)","","","production"
"bureaucracy","n.","官僚體制；繁文縟節","Excessive **bureaucracy** can hinder business growth.","** cut through the bureaucracy","recognition"
"be censored","","被審查","","","production"
"impose penalties on / punish violators","","對違規者施以處罰/懲罰違規者","","** impose penalties on + 對象","production"
"poach","v.","盜獵；偷捕","**Poaching** and loss of habitats are still making serious threats to pandas' lives.","","recognition"
"brothel","n.","妓院","The police raided an illegal **brothel** in the city center.","","recognition"
"legal charges","","法律起訴/指控","","** press legal charges against sb.","production"
"lay down","","制定（規則/法律）；放下","The government **laid down** strict regulations on pollution.","** lay down the law|rules","recognition"
"governments worldwide","","各國政府","","** 指全球範圍內的政府，寫作時比 various governments 更正式","production"
"off-limits","adj.","禁止進入的；禁區的","This area is **off-limits** to unauthorized personnel.","** be off-limits to sb.","recognition"
"system / institution","","制度","","** 如 educational system (教育制度)","production"
"polygraph","n.","測謊機","The suspect was asked to take a **polygraph** test.","","recognition"
"relieve backache","","減輕背痛","","","production"
"be exposed to","","暴露於...；面臨...；接觸...","The workers were **exposed to** harmful chemicals.","** 後接名詞 (危險、輻射、新觀念等)","recognition"
"Prevention is better than cure.","","預防勝於治療 (格言)","","** 學測衛教類寫作必備佳句","production"
"prevent the spread of infectious diseases","","預防傳染病的傳播","","** infectious (傳染性的)","production"
"boost our immunity","","增強我們的免疫力","","** boost (提高)；immunity (免疫力)","production"
"hygiene practices","","衛生習慣","","","production"
"acute","adj.","嚴重的；急性的；敏銳的","It is particularly **acute** for patients who may have anxiety...","** acute pain (劇痛)|acute shortage (嚴重短缺)","recognition"
"sleep apnea","n.","睡眠呼吸中止症","Common symptoms of **sleep apnea** include loud snoring and daytime fatigue.","** 醫學名詞，apnea 指「呼吸暫停」。","recognition"
"benign","adj.","良性的；仁慈的；無害的","The tumor turned out to be **benign**, not cancerous.","** benign environment","recognition"
"National Health Insurance (NHI)","","全民健保","","** 專有名詞需大寫","production"
"deadly / fatal illnesses","","致命疾病","","** deadly 與 fatal 常用於描述致命的","production"
"compromise","v.","損害；危及；連累 (熟詞生義)","When alveoli collapse, they **compromise** the ability of the lung to exchange oxygen...","","recognition"
"have physical check-ups","","做身體檢查","","** check-up (名詞：檢查)","production"
"treat illness","","治療疾病","","** treat (治療)；illness (疾病|生病狀態)","production"
"equal medical care","","平等的醫療待遇","","** care (照護|醫療)","production"
"wear off","","逐漸消失 (藥效、感覺、塗層等)","The effect of the painkiller began to **wear off** after a few hours.","** 通常指慢慢消退","recognition"
"bacterial infections","","細菌感染","","** bacteria (細菌) 的形容詞為 bacterial","production"
"the average human lifespan","","人類平均壽命","","** lifespan (壽命)","production"
"prescription","","處方箋 (注意：可數)","","** fill a prescription (按方抓藥)","production"
"loss of life","","生命損失","","** heavy|tragic loss of life","production"
"nausea","n.","噁心；反胃","A wave of **nausea** swept over him during the boat ride.","** feel nausea (感到噁心)","recognition"
"uptake","","攝取/吸收 vs. 攝入量","1. Plants absorb nutrients through root **uptake**.|2. You should limit your daily **intake** of sugar.","","recognition"
"pull through","v.","渡過難關；（從重病中）康復","The doctor is confident that the patient will **pull through** after the surgery.","** pull through a crisis|illness","recognition"
"cause casualties","","造成死傷","","","recognition"
"susceptible","adj.","易受影響的；易受傷害的","...bones tend to shrink... becoming weak and more **susceptible** to fracture.","** be susceptible to + N.","recognition"
"claim (the lives of...)","","奪走（許多生命）","","","production"
"medicine","","醫學 (整個領域)","","** 指醫學界或醫學技術；medication 則指具體的藥物","production"
"amputate","v.","截肢","He had no choice but to have his right leg **amputated**.","","recognition"
"prostheses","n.","義肢；假體 (prosthesis 的複數)","Modern **prostheses** allow athletes to run competitively.","** artificial limbs","recognition"
"pass out","","昏倒 vs. 過世","1. It was so hot that he almost **passed out**.|2. Her grandfather **passed away** peacefully last night.","","recognition"
"ocular","adj.","眼睛的；視覺的","The doctor conducted a thorough **ocular** examination.","** ocular inspection (目視檢查)","recognition"
"physical trait","","身體特徵","Long legs are a **physical trait** shared by people there.","","recognition"
"digital detox","","數位排毒","","","production"
"adipose","adj./n.","脂肪的；脂肪","**Adipose** tissue stores energy in the form of fat.","** adipose tissue (脂肪組織)","recognition"
"excretion","n.","排泄；排泄物","The kidneys play a vital role in the **excretion** of waste products.","","recognition"
"aerobic","adj.","有氧的","Running and swimming are excellent forms of **aerobic** exercise.","** aerobic capacity (心肺耐力)","recognition"
"metabolism","n.","新陳代謝","","","recognition"
"facial expressions","","面部表情","","** expression (表情|表達)","production"
"circadian rhythm","n.","晝夜節律；生理時鐘","Your **circadian rhythm** responds to your eyes detecting light.","","recognition"
"make out","v.","辨認出；看清；聽出","I could barely **make out** his face in the dimly lit hallway.","** make out what sb. is saying","recognition"
"hypnotic","adj.","催眠的；有安眠作用的","The rhythmic sound of the waves had a **hypnotic** effect.","","recognition"
"tactile","adj.","觸覺的；有手感的","Braille is a **tactile** system of reading and writing for the blind.","** tactile sensation (觸覺感受)","recognition"
"perspiration","n.","perspiration [n.]","**Perspiration** ran down his face after the workout.","","recognition"
"plump","adj.","豐滿的；圓胖的","The baby has **plump** cheeks.","** plump up (使蓬鬆 - 如枕頭)","recognition"
"jump over","","跳過；躍過","The horse can easily **jump over** the fence.","** 可指物理上的跳過，或比喻「略過」某個步驟","recognition"
"physical contact [U.]","","身體接觸","","","production"
"slim figure / slender figure","","身材苗條","","","production"
"physical activities","","體能活動","","** engage in physical activities","production"
"unplug","","拔掉插頭；(引申) 脫離科技/休息","","","production"
"step away from","","遠離...","","** 意指暫時離開某種狀態或環境","production"
"olfactory","adj.","嗅覺的","A dog's **olfactory** power is strong enough to sense and distinguish them...","** olfactory nerve (嗅神經), olfactory sense (嗅覺)","recognition"
"增強活力","","增強活力","","** boost (提高|增強)；vitality (活力|生命力)","production"
"dimpled","adj.","有酒窩的；有凹陷的","She has a charming, **dimpled** smile.","","recognition"
"feel relaxed and refreshed","","感到放鬆且耳目一新","","** refreshed (adj.) 感到精神振奮的|耳目一新的","production"
"regular exercise","","持續的運動","","** regular 指規律、定期的","production"
"change one's mood / feelings","","改善心情；改變感受","","** mood 指整體的「心情」；feeling 通常用複數表示感受","production"
"womb","n.","子宮","The baby develops inside the mother's **womb**.","","recognition"
"in the pink","","非常健康；氣色紅潤","","","production"
"nothing but skin and bones","","瘦到皮包骨","","** 形容極度消瘦","production"
"observatory","","觀景臺","","","production"
"tyres","n.","輪胎 (英式拼法)","We need to check the pressure in the **tyres** before the long drive.","","recognition"
"transportation costs","","交通成本 (可數)","","** 指運輸或通勤所產生的費用","production"
"pedestrian","","行人","","","production"
"High Speed Rail (HSR)","","高鐵","","","production"
"board","v.","登(機、船、車) - 動作動詞","","","recognition"
"traffic jam","","塞車；交通阻塞","","","production"
"aboard","prep./adv.","在(船、飛機、車)上 - 狀態","","","recognition"
"meandering","adj.","蜿蜒的；漫步的","...mixing comfortably with ox carts, pedestrians, and **meandering** cattle.","","recognition"
"online tours","","線上導覽/旅遊 (可數)","","** tour (旅遊|導覽)","production"
"take sb. out for a ride","","帶...出去兜風","","","production"
"promoting tourism","","推廣觀光","","** tourism (觀光業)","production"
"stroll along the trail","","漫步於步道上","","** stroll (悠閒漫步)；trail (山間或鄉間步道)","production"
"traverse","v.","橫越；穿過","In their cross-country journey, the animals must **traverse** many smaller bodies of water.","** traverse a desert|terrain","recognition"
"tourist destination","","度假勝地","","** destination (目的地)","production"
"compartment","n.","隔間；(火車) 車廂","You can store your luggage in the overhead **compartment**.","** glove compartment (轎車置物箱)","recognition"
"conducted tour","","導覽行程","","","production"
"culture shock","","文化衝擊 (注意：不可數！)","","** 第一次出國常有的感覺","production"
"caravan routes","n.","商隊路線","The Silk Road was one of the most famous **caravan routes** in history.","** caravan (商隊；露營拖車)","recognition"
"the traffic accident rate","","交通事故率","","** rate (比率)","production"
"voyage","n.","(長途) 航行；旅程","A sea **voyage**, especially a long one... has something unusual of its own.","","recognition"
"commute","","通勤","","","production"
"parking space","","停車位","","","production"
"bird's-eye view","","鳥瞰","","","production"
"crash into","","撞上","","","production"
"set off","","1. 出發 (Start a journey)","1. They **set off** on a journey to the North.|2. The smoke **set off** the fire alarm.","** set off for + 地點 (出發去...)","recognition"
"package tour","","套裝行程 (跟團)","We decided to go on a **package tour** to save time planning.","","recognition"
"wind","v.","蜿蜒；迂迴","The mountain road **winds** up and down the steep slopes.","","recognition"
"overtourism","","過度旅遊","","** 指遊客過多造成當地負擔的現象","production"
"time a trip to (地點)","","安排旅遊（時間點、地點）","","","production"
"head to","","前往；去往 (翻譯寫作優選)","","** 比 go to 更具動態感且更地道","production"
"pass by","","路過；經過","","","production"
"taxi","v.","(飛機) 在地面滑行","...the first time a newly qualified 747 captain **taxis** away from the gate...","","recognition"
"be harnessed to","v. phr.","被套上馬具(以拉車)；利用(動力)","The horses **were harnessed to** the carriage before the journey began.","** harness (n. 馬具；v. 治理|利用動力)","recognition"
"coach","n.","(四輪) 大馬車；長途客運","The royal family arrived at the ceremony in a golden **coach**.","** ride in a coach (坐馬車)；現在也指遊覽車","recognition"
"save travel time","","節省交通時間","","** save travel|commute time","production"
"means of transportation","","交通工具","","","production"
"driver's license","","駕照","","** 獲取駕照: obtain|get a driver's license","production"
"power failure","n.","停電","The hospital has backup generators in case of a **power failure**.","** 也可以說 power outage|blackout","recognition"
"trainers","n.","運動鞋 (英式用法)；帆布鞋","He put on his **trainers** and went for a run.","","recognition"
"family burden","","家庭負擔","","** ease|lighten the family burden","production"
"keepsake","n.","紀念品","She kept the necklace as a **keepsake** of her grandmother.","","recognition"
"lead a ... life / live a ... life","","過著...的生活","","","production"
"the high cost of living","","高昂的生活開銷","","** 常用於描述大城市的壓力","production"
"molded leather","n.","定型皮革；模製皮革","The chair features a seat made of high-quality **molded leather**.","** mold (v. 塑形|n. 模具)","recognition"
"safe haven","","避風港；安全地","","","production"
"doll","","玩偶","","","production"
"fashion accessories","","流行飾品","","","production"
"plus-sized","","大尺碼的","","","production"
"life's ...","","生活中的... (簡潔形式)","","** 比 ... of life 更簡潔地道","production"
"have a green thumb / have green fingers","","有園藝才能","","** 慣用語，指很擅長種植植物","production"
"cosmetics","","化妝品","","","production"
"daily existence","","日常現實；生活現狀","","","production"
"from door to door","","挨家挨戶","","","production"
"quality of life","","生活品質","","** 常用詞組","production"
"kiosk","n.","便利亭；自助服務機","You can print your photos at the self-service **kiosk**.","","recognition"
"choose from","","選購","","","production"
"get away from the hustle and bustle of the city","","遠離城市的喧囂","","** hustle and bustle (喧囂繁忙)","production"
"run-down","adj.","破舊的；年久失修的","They bought a **run-down** house and planned to renovate it completely.","** a run-down building|area","recognition"
"repellent","n.","驅蟲劑；驅除劑","Don't forget to spray some insect **repellent**.","","recognition"
"mundane","adj.","平凡的；乏味的；世俗的","...the ordinary human voice will be the chief means of interacting with the computer seems positively **mundane**.","","recognition"
"bargain","n.","划算的東西；廉價貨；協議","At that price, the car is a real **bargain**.","** a real bargain, bargain hunter","recognition"
"consumption habits","","消費習慣","","** change|shift consumption habits","production"
"drainage system","n.","排水系統","The city's **drainage system** was overwhelmed by the record-breaking rainfall.","** drain (排出液體) + -age (名詞字尾)","recognition"
"wine crate","n.","酒箱","He used a **wine crate** to store his collection of vinyl records.","","recognition"
"be boxed up","v. phr.","被裝箱","All the old books **were boxed up** and stored in the attic.","** box up (把...裝入箱內)","recognition"
"desolate","adj.","荒涼的；無人煙的","But with a white fur coat... polar bears are able to make this **desolate** place their home.","** 形容地方貧瘠、無人居住 (barren and uninhabited)|** a desolate landscape","recognition"
"name-brand","","名牌的","","** 也可以說 brand-name|** name-brand products","production"
"on the environment","","對環境","","** environment 泛指自然環境時必加 the","production"
"an eyesore","","礙眼的東西","","** eye + sore (痛處)，合稱礙眼之物","production"
"the suburbs / the countryside","","郊區 / 鄉村","","** 通常需加定冠詞 the；suburbs 指近郊，countryside 指鄉村","production"
"be in the habit of + V-ing","","有...的習慣","","** be in the habit of = have a habit of","production"
"public works","","公共工程","","","production"
"take up sth. (as a hobby)","","開始從事 (嗜好/活動)","","** take up 指開始花時間做某項活動或發展某種嗜好","production"
"enclosed space","","封閉空間","","","production"
"after work hours","","下班後","","** 指正式工作時間之外","production"
"fur","","皮草 (動物毛皮)","","","production"
"trendy clothes","","流行的服飾","","** trendy (流行的|時髦的)","production"
"retirement","","退休生活 (不可數)","","** 進入退休狀態","production"
"lamppost","n.","街燈柱","He leaned against a **lamppost** waiting for the bus.","","recognition"
"infrastructure","","基礎建設 (不可數，注意拼字)","","","production"
"city dwellers / urbanites","","都市居民","","** dwell (居住) -> dweller (居民)；urban (都市的)","production"
"shopping spree","","瘋狂購物","","","production"
"fasten","v.","繫緊；扣住","Please **fasten** your seat belt before the car starts moving.","","recognition"
"on a post","phr.","在柱子上","The notice was nailed **on a post** at the entrance of the village.","","recognition"
"steaming","adj.","冒蒸汽的；熱氣騰騰的","He was served a **steaming** bowl of soup.","** 來自動詞 steam (蒸)。","recognition"
"quail","n.","鵪鶉","We had roasted **quail** for dinner at the French restaurant.","","recognition"
"stinky tofu","","臭豆腐","","","production"
"eateries","n.","餐館；飲食店 (eatery 的複數)","We explored several local **eateries** to try traditional dishes.","","recognition"
"millet","n.","小米；粟","**Millet** is a staple grain in many parts of the world.","","recognition"
"craving","n.","渴望；熱望 (尤指食物或毒品)","**Craving** refers to an intense desire to consume a particular food...","** have a craving for chocolate","recognition"
"food additives","","食品添加物","","** additive (添加物)","production"
"excessive intake (of sth.)","","過度攝取","","** intake (攝取量)；excessive (過度的)","production"
"savory","adj.","鹹味的；芳香可口的","I prefer **savory** snacks like popcorn over sweet ones.","** 指「鹹的」食物，與 sweet (甜的) 相對","recognition"
"seafood spread [n.]","","海鮮拼盤","","","production"
"vat","n.","大桶；大甕","The wine is aged in a large wooden **vat**.","** 常指裝液體(酒、染料)的工業用大桶","recognition"
"champagne","n.","香檳","Guests toasted the newlyweds with glasses of **champagne**.","","recognition"
"coating","n.","一層（覆蓋物）；塗層","The chocolate **coating** on this ice cream is delicious.","** 動詞為 coat (覆蓋)。","recognition"
"before meals","","飯前","","** 常見於衛生宣導","production"
"gourmet","n./adj.","美食家；(食物) 佳餚的/精緻美味的","He is a **gourmet** who enjoys visiting high-end restaurants.","** gourmet food (美食)|gourmet coffee (精品咖啡)","recognition"
"round out the diet","","使飲食均衡/完整","","","production"
"foods rich in...","","富含...的食物 (如纖維、礦物質、蛋白質)","","** be rich in... (富含...)","production"
"waffles","n.","鬆餅（格子餅）","We had delicious **waffles** topped with syrup for breakfast.","","recognition"
"oyster omelet","","蚵仔煎","","","production"
"sustenance","n.","營養；食物；生計","...kelp forests... provide **sustenance** for fish and other sea animals.","","recognition"
"delicacy","","美食；佳餚","","","production"
