Command line invocation:
    /Applications/Xcode.app/Contents/Developer/usr/bin/xcodebuild -project BooksBrowser.xcodeproj -scheme BooksBrowser -destination "platform=iOS Simulator,name=iPhone 17 Pro Max" build

Resolve Package Graph


Resolved source packages:
  ReadiumZIPFoundation: https://github.com/readium/ZIPFoundation.git @ 3.0.1
  SQLite.swift: https://github.com/stephencelis/SQLite.swift.git @ 0.15.5
  Readium: https://github.com/readium/swift-toolkit.git @ 3.7.0
  SwiftSoup: https://github.com/scinfu/SwiftSoup.git @ 2.11.3
  LRUCache: https://github.com/nicklockwood/LRUCache.git @ 1.2.1
  swift-atomics: https://github.com/apple/swift-atomics.git @ 1.3.0
  DifferenceKit: https://github.com/ra1028/DifferenceKit.git @ 1.3.0
  CryptoSwift: https://github.com/krzyzanowskim/CryptoSwift.git @ 1.9.0
  ReadiumFuzi: https://github.com/readium/Fuzi.git @ 4.0.0
  GCDWebServer: https://github.com/readium/GCDWebServer.git @ 4.0.1
  Zip: https://github.com/marmelroy/Zip.git @ 2.1.2

2026-02-27 12:10:59.039 xcodebuild[43392:24378073] [MT] IDERunDestination: Supported platforms for the buildables in the current scheme is empty.
ComputePackagePrebuildTargetDependencyGraph

Prepare packages

CreateBuildRequest

SendProjectDescription

CreateBuildOperation

ComputeTargetDependencyGraph
note: Building targets in dependency order
note: Target dependency graph (35 targets)
    Target 'BooksBrowser' in project 'BooksBrowser'
        ➜ Explicit dependency on target 'ReadiumShared' in project 'Readium'
        ➜ Explicit dependency on target 'ReadiumStreamer' in project 'Readium'
        ➜ Explicit dependency on target 'ReadiumNavigator' in project 'Readium'
        ➜ Explicit dependency on target 'ReadiumAdapterGCDWebServer' in project 'Readium'
    Target 'ReadiumAdapterGCDWebServer' in project 'Readium'
        ➜ Explicit dependency on target 'ReadiumAdapterGCDWebServer' in project 'Readium'
        ➜ Explicit dependency on target 'ReadiumInternal' in project 'Readium'
        ➜ Explicit dependency on target 'ReadiumShared' in project 'Readium'
        ➜ Explicit dependency on target 'SwiftSoup' in project 'SwiftSoup'
        ➜ Explicit dependency on target 'Zip' in project 'Zip'
        ➜ Explicit dependency on target 'ReadiumFuzi' in project 'ReadiumFuzi'
        ➜ Explicit dependency on target 'ReadiumZIPFoundation' in project 'ReadiumZIPFoundation'
        ➜ Explicit dependency on target 'ReadiumGCDWebServer' in project 'GCDWebServer'
    Target 'ReadiumAdapterGCDWebServer' in project 'Readium'
        ➜ Explicit dependency on target 'ReadiumInternal' in project 'Readium'
        ➜ Explicit dependency on target 'ReadiumShared' in project 'Readium'
        ➜ Explicit dependency on target 'SwiftSoup' in project 'SwiftSoup'
        ➜ Explicit dependency on target 'Zip' in project 'Zip'
        ➜ Explicit dependency on target 'ReadiumFuzi' in project 'ReadiumFuzi'
        ➜ Explicit dependency on target 'ReadiumZIPFoundation' in project 'ReadiumZIPFoundation'
        ➜ Explicit dependency on target 'ReadiumGCDWebServer' in project 'GCDWebServer'
    Target 'ReadiumGCDWebServer' in project 'GCDWebServer'
        ➜ Explicit dependency on target 'ReadiumGCDWebServer' in project 'GCDWebServer'
    Target 'ReadiumGCDWebServer' in project 'GCDWebServer' (no dependencies)
    Target 'ReadiumNavigator' in project 'Readium'
        ➜ Explicit dependency on target 'ReadiumNavigator' in project 'Readium'
        ➜ Explicit dependency on target 'Readium_ReadiumNavigator' in project 'Readium'
        ➜ Explicit dependency on target 'ReadiumInternal' in project 'Readium'
        ➜ Explicit dependency on target 'ReadiumShared' in project 'Readium'
        ➜ Explicit dependency on target 'SwiftSoup' in project 'SwiftSoup'
        ➜ Explicit dependency on target 'Zip' in project 'Zip'
        ➜ Explicit dependency on target 'ReadiumFuzi' in project 'ReadiumFuzi'
        ➜ Explicit dependency on target 'ReadiumZIPFoundation' in project 'ReadiumZIPFoundation'
        ➜ Explicit dependency on target 'DifferenceKit' in project 'DifferenceKit'
    Target 'ReadiumNavigator' in project 'Readium'
        ➜ Explicit dependency on target 'Readium_ReadiumNavigator' in project 'Readium'
        ➜ Explicit dependency on target 'ReadiumInternal' in project 'Readium'
        ➜ Explicit dependency on target 'ReadiumShared' in project 'Readium'
        ➜ Explicit dependency on target 'SwiftSoup' in project 'SwiftSoup'
        ➜ Explicit dependency on target 'Zip' in project 'Zip'
        ➜ Explicit dependency on target 'ReadiumFuzi' in project 'ReadiumFuzi'
        ➜ Explicit dependency on target 'ReadiumZIPFoundation' in project 'ReadiumZIPFoundation'
        ➜ Explicit dependency on target 'DifferenceKit' in project 'DifferenceKit'
    Target 'DifferenceKit' in project 'DifferenceKit'
        ➜ Explicit dependency on target 'DifferenceKit' in project 'DifferenceKit'
    Target 'DifferenceKit' in project 'DifferenceKit' (no dependencies)
    Target 'Readium_ReadiumNavigator' in project 'Readium' (no dependencies)
    Target 'ReadiumStreamer' in project 'Readium'
        ➜ Explicit dependency on target 'ReadiumStreamer' in project 'Readium'
        ➜ Explicit dependency on target 'Readium_ReadiumStreamer' in project 'Readium'
        ➜ Explicit dependency on target 'ReadiumInternal' in project 'Readium'
        ➜ Explicit dependency on target 'ReadiumShared' in project 'Readium'
        ➜ Explicit dependency on target 'SwiftSoup' in project 'SwiftSoup'
        ➜ Explicit dependency on target 'Zip' in project 'Zip'
        ➜ Explicit dependency on target 'ReadiumFuzi' in project 'ReadiumFuzi'
        ➜ Explicit dependency on target 'ReadiumZIPFoundation' in project 'ReadiumZIPFoundation'
        ➜ Explicit dependency on target 'CryptoSwift' in project 'CryptoSwift'
    Target 'ReadiumStreamer' in project 'Readium'
        ➜ Explicit dependency on target 'Readium_ReadiumStreamer' in project 'Readium'
        ➜ Explicit dependency on target 'ReadiumInternal' in project 'Readium'
        ➜ Explicit dependency on target 'ReadiumShared' in project 'Readium'
        ➜ Explicit dependency on target 'SwiftSoup' in project 'SwiftSoup'
        ➜ Explicit dependency on target 'Zip' in project 'Zip'
        ➜ Explicit dependency on target 'ReadiumFuzi' in project 'ReadiumFuzi'
        ➜ Explicit dependency on target 'ReadiumZIPFoundation' in project 'ReadiumZIPFoundation'
        ➜ Explicit dependency on target 'CryptoSwift' in project 'CryptoSwift'
    Target 'CryptoSwift' in project 'CryptoSwift'
        ➜ Explicit dependency on target 'CryptoSwift' in project 'CryptoSwift'
        ➜ Explicit dependency on target 'CryptoSwift_CryptoSwift' in project 'CryptoSwift'
    Target 'CryptoSwift' in project 'CryptoSwift'
        ➜ Explicit dependency on target 'CryptoSwift_CryptoSwift' in project 'CryptoSwift'
    Target 'CryptoSwift_CryptoSwift' in project 'CryptoSwift' (no dependencies)
    Target 'Readium_ReadiumStreamer' in project 'Readium' (no dependencies)
    Target 'ReadiumShared' in project 'Readium'
        ➜ Explicit dependency on target 'ReadiumShared' in project 'Readium'
        ➜ Explicit dependency on target 'Readium_ReadiumShared' in project 'Readium'
        ➜ Explicit dependency on target 'ReadiumInternal' in project 'Readium'
        ➜ Explicit dependency on target 'SwiftSoup' in project 'SwiftSoup'
        ➜ Explicit dependency on target 'Zip' in project 'Zip'
        ➜ Explicit dependency on target 'ReadiumFuzi' in project 'ReadiumFuzi'
        ➜ Explicit dependency on target 'ReadiumZIPFoundation' in project 'ReadiumZIPFoundation'
    Target 'ReadiumShared' in project 'Readium'
        ➜ Explicit dependency on target 'Readium_ReadiumShared' in project 'Readium'
        ➜ Explicit dependency on target 'ReadiumInternal' in project 'Readium'
        ➜ Explicit dependency on target 'SwiftSoup' in project 'SwiftSoup'
        ➜ Explicit dependency on target 'Zip' in project 'Zip'
        ➜ Explicit dependency on target 'ReadiumFuzi' in project 'ReadiumFuzi'
        ➜ Explicit dependency on target 'ReadiumZIPFoundation' in project 'ReadiumZIPFoundation'
    Target 'ReadiumZIPFoundation' in project 'ReadiumZIPFoundation'
        ➜ Explicit dependency on target 'ReadiumZIPFoundation' in project 'ReadiumZIPFoundation'
        ➜ Explicit dependency on target 'ReadiumZIPFoundation_ReadiumZIPFoundation' in project 'ReadiumZIPFoundation'
    Target 'ReadiumZIPFoundation' in project 'ReadiumZIPFoundation'
        ➜ Explicit dependency on target 'ReadiumZIPFoundation_ReadiumZIPFoundation' in project 'ReadiumZIPFoundation'
    Target 'ReadiumZIPFoundation_ReadiumZIPFoundation' in project 'ReadiumZIPFoundation' (no dependencies)
    Target 'ReadiumFuzi' in project 'ReadiumFuzi'
        ➜ Explicit dependency on target 'ReadiumFuzi' in project 'ReadiumFuzi'
    Target 'ReadiumFuzi' in project 'ReadiumFuzi' (no dependencies)
    Target 'Zip' in project 'Zip'
        ➜ Explicit dependency on target 'Zip' in project 'Zip'
        ➜ Explicit dependency on target 'Minizip' in project 'Zip'
    Target 'Zip' in project 'Zip'
        ➜ Explicit dependency on target 'Minizip' in project 'Zip'
    Target 'Minizip' in project 'Zip' (no dependencies)
    Target 'SwiftSoup' in project 'SwiftSoup'
        ➜ Explicit dependency on target 'SwiftSoup' in project 'SwiftSoup'
        ➜ Explicit dependency on target 'LRUCache' in project 'LRUCache'
        ➜ Explicit dependency on target 'Atomics' in project 'swift-atomics'
    Target 'SwiftSoup' in project 'SwiftSoup'
        ➜ Explicit dependency on target 'LRUCache' in project 'LRUCache'
        ➜ Explicit dependency on target 'Atomics' in project 'swift-atomics'
    Target 'Atomics' in project 'swift-atomics'
        ➜ Explicit dependency on target 'Atomics' in project 'swift-atomics'
        ➜ Explicit dependency on target '_AtomicsShims' in project 'swift-atomics'
    Target 'Atomics' in project 'swift-atomics'
        ➜ Explicit dependency on target '_AtomicsShims' in project 'swift-atomics'
    Target '_AtomicsShims' in project 'swift-atomics' (no dependencies)
    Target 'LRUCache' in project 'LRUCache'
        ➜ Explicit dependency on target 'LRUCache' in project 'LRUCache'
    Target 'LRUCache' in project 'LRUCache' (no dependencies)
    Target 'ReadiumInternal' in project 'Readium' (no dependencies)
    Target 'Readium_ReadiumShared' in project 'Readium' (no dependencies)

GatherProvisioningInputs

CreateBuildDescription

ExecuteExternalTool /Applications/Xcode.app/Contents/Developer/Toolchains/XcodeDefault.xctoolchain/usr/bin/swiftc --version

ExecuteExternalTool /Applications/Xcode.app/Contents/Developer/Toolchains/XcodeDefault.xctoolchain/usr/bin/clang -v -E -dM -arch arm64 -isysroot /Applications/Xcode.app/Contents/Developer/Platforms/iPhoneSimulator.platform/Developer/SDKs/iPhoneSimulator26.2.sdk -x c -c /dev/null

ExecuteExternalTool /Applications/Xcode.app/Contents/Developer/Toolchains/XcodeDefault.xctoolchain/usr/bin/clang -v -E -dM -isysroot /Applications/Xcode.app/Contents/Developer/Platforms/iPhoneSimulator.platform/Developer/SDKs/iPhoneSimulator26.2.sdk -x c -c /dev/null

ExecuteExternalTool /Applications/Xcode.app/Contents/Developer/Toolchains/XcodeDefault.xctoolchain/usr/bin/clang -v -E -dM -arch arm64 -isysroot /Applications/Xcode.app/Contents/Developer/Platforms/iPhoneSimulator.platform/Developer/SDKs/iPhoneSimulator26.2.sdk -x objective-c -c /dev/null

ExecuteExternalTool /Applications/Xcode.app/Contents/Developer/usr/bin/actool --print-asset-tag-combinations --output-format xml1 /Users/chenliangyu/Desktop/Development/BooksBrowserWorkspace/booksbrowser_ios/BooksBrowser/Assets.xcassets

ExecuteExternalTool /Applications/Xcode.app/Contents/Developer/Toolchains/XcodeDefault.xctoolchain/usr/bin/ld -version_details

ReadFileContents /Applications/Xcode.app/Contents/Developer/Toolchains/XcodeDefault.xctoolchain/usr/share/docc/features.json

ExecuteExternalTool /Applications/Xcode.app/Contents/Developer/usr/bin/actool --version --output-format xml1

Build description signature: d7a86d07033f5814cedb5b27b2446d4c
Build description path: /Users/chenliangyu/Library/Developer/Xcode/DerivedData/BooksBrowser-dlrvnwnsktodgveyejdjreelllgw/Build/Intermediates.noindex/XCBuildData/d7a86d07033f5814cedb5b27b2446d4c.xcbuilddata
ClangStatCache /Applications/Xcode.app/Contents/Developer/Toolchains/XcodeDefault.xctoolchain/usr/bin/clang-stat-cache /Applications/Xcode.app/Contents/Developer/Platforms/iPhoneSimulator.platform/Developer/SDKs/iPhoneSimulator26.2.sdk /Users/chenliangyu/Library/Developer/Xcode/DerivedData/SDKStatCaches.noindex/iphonesimulator26.2-23C53-7d00a8b37fbd7999ea79df8ebc024bf0.sdkstatcache
    cd /Users/chenliangyu/Desktop/Development/BooksBrowserWorkspace/booksbrowser_ios/BooksBrowser.xcodeproj
    /Applications/Xcode.app/Contents/Developer/Toolchains/XcodeDefault.xctoolchain/usr/bin/clang-stat-cache /Applications/Xcode.app/Contents/Developer/Platforms/iPhoneSimulator.platform/Developer/SDKs/iPhoneSimulator26.2.sdk -o /Users/chenliangyu/Library/Developer/Xcode/DerivedData/SDKStatCaches.noindex/iphonesimulator26.2-23C53-7d00a8b37fbd7999ea79df8ebc024bf0.sdkstatcache

ProcessInfoPlistFile /Users/chenliangyu/Library/Developer/Xcode/DerivedData/BooksBrowser-dlrvnwnsktodgveyejdjreelllgw/Build/Products/Debug-iphonesimulator/Readium_ReadiumShared.bundle/Info.plist /Users/chenliangyu/Library/Developer/Xcode/DerivedData/BooksBrowser-dlrvnwnsktodgveyejdjreelllgw/Build/Intermediates.noindex/Readium.build/Debug-iphonesimulator/Readium_ReadiumShared.build/empty-Readium_ReadiumShared.plist (in target 'Readium_ReadiumShared' from project 'Readium')
    cd /Users/chenliangyu/Library/Developer/Xcode/DerivedData/BooksBrowser-dlrvnwnsktodgveyejdjreelllgw/SourcePackages/checkouts/swift-toolkit
    builtin-infoPlistUtility /Users/chenliangyu/Library/Developer/Xcode/DerivedData/BooksBrowser-dlrvnwnsktodgveyejdjreelllgw/Build/Intermediates.noindex/Readium.build/Debug-iphonesimulator/Readium_ReadiumShared.build/empty-Readium_ReadiumShared.plist -producttype com.apple.product-type.bundle -expandbuildsettings -format binary -platform iphonesimulator -o /Users/chenliangyu/Library/Developer/Xcode/DerivedData/BooksBrowser-dlrvnwnsktodgveyejdjreelllgw/Build/Products/Debug-iphonesimulator/Readium_ReadiumShared.bundle/Info.plist

ProcessInfoPlistFile /Users/chenliangyu/Library/Developer/Xcode/DerivedData/BooksBrowser-dlrvnwnsktodgveyejdjreelllgw/Build/Products/Debug-iphonesimulator/Readium_ReadiumStreamer.bundle/Info.plist /Users/chenliangyu/Library/Developer/Xcode/DerivedData/BooksBrowser-dlrvnwnsktodgveyejdjreelllgw/Build/Intermediates.noindex/Readium.build/Debug-iphonesimulator/Readium_ReadiumStreamer.build/empty-Readium_ReadiumStreamer.plist (in target 'Readium_ReadiumStreamer' from project 'Readium')
    cd /Users/chenliangyu/Library/Developer/Xcode/DerivedData/BooksBrowser-dlrvnwnsktodgveyejdjreelllgw/SourcePackages/checkouts/swift-toolkit
    builtin-infoPlistUtility /Users/chenliangyu/Library/Developer/Xcode/DerivedData/BooksBrowser-dlrvnwnsktodgveyejdjreelllgw/Build/Intermediates.noindex/Readium.build/Debug-iphonesimulator/Readium_ReadiumStreamer.build/empty-Readium_ReadiumStreamer.plist -producttype com.apple.product-type.bundle -expandbuildsettings -format binary -platform iphonesimulator -o /Users/chenliangyu/Library/Developer/Xcode/DerivedData/BooksBrowser-dlrvnwnsktodgveyejdjreelllgw/Build/Products/Debug-iphonesimulator/Readium_ReadiumStreamer.bundle/Info.plist

ProcessInfoPlistFile /Users/chenliangyu/Library/Developer/Xcode/DerivedData/BooksBrowser-dlrvnwnsktodgveyejdjreelllgw/Build/Products/Debug-iphonesimulator/Readium_ReadiumNavigator.bundle/Info.plist /Users/chenliangyu/Library/Developer/Xcode/DerivedData/BooksBrowser-dlrvnwnsktodgveyejdjreelllgw/Build/Intermediates.noindex/Readium.build/Debug-iphonesimulator/Readium_ReadiumNavigator.build/empty-Readium_ReadiumNavigator.plist (in target 'Readium_ReadiumNavigator' from project 'Readium')
    cd /Users/chenliangyu/Library/Developer/Xcode/DerivedData/BooksBrowser-dlrvnwnsktodgveyejdjreelllgw/SourcePackages/checkouts/swift-toolkit
    builtin-infoPlistUtility /Users/chenliangyu/Library/Developer/Xcode/DerivedData/BooksBrowser-dlrvnwnsktodgveyejdjreelllgw/Build/Intermediates.noindex/Readium.build/Debug-iphonesimulator/Readium_ReadiumNavigator.build/empty-Readium_ReadiumNavigator.plist -producttype com.apple.product-type.bundle -expandbuildsettings -format binary -platform iphonesimulator -o /Users/chenliangyu/Library/Developer/Xcode/DerivedData/BooksBrowser-dlrvnwnsktodgveyejdjreelllgw/Build/Products/Debug-iphonesimulator/Readium_ReadiumNavigator.bundle/Info.plist

ProcessInfoPlistFile /Users/chenliangyu/Library/Developer/Xcode/DerivedData/BooksBrowser-dlrvnwnsktodgveyejdjreelllgw/Build/Products/Debug-iphonesimulator/ReadiumZIPFoundation_ReadiumZIPFoundation.bundle/Info.plist /Users/chenliangyu/Library/Developer/Xcode/DerivedData/BooksBrowser-dlrvnwnsktodgveyejdjreelllgw/Build/Intermediates.noindex/ReadiumZIPFoundation.build/Debug-iphonesimulator/ReadiumZIPFoundation_ReadiumZIPFoundation.build/empty-ReadiumZIPFoundation_ReadiumZIPFoundation.plist (in target 'ReadiumZIPFoundation_ReadiumZIPFoundation' from project 'ReadiumZIPFoundation')
    cd /Users/chenliangyu/Library/Developer/Xcode/DerivedData/BooksBrowser-dlrvnwnsktodgveyejdjreelllgw/SourcePackages/checkouts/ZIPFoundation
    builtin-infoPlistUtility /Users/chenliangyu/Library/Developer/Xcode/DerivedData/BooksBrowser-dlrvnwnsktodgveyejdjreelllgw/Build/Intermediates.noindex/ReadiumZIPFoundation.build/Debug-iphonesimulator/ReadiumZIPFoundation_ReadiumZIPFoundation.build/empty-ReadiumZIPFoundation_ReadiumZIPFoundation.plist -producttype com.apple.product-type.bundle -expandbuildsettings -format binary -platform iphonesimulator -o /Users/chenliangyu/Library/Developer/Xcode/DerivedData/BooksBrowser-dlrvnwnsktodgveyejdjreelllgw/Build/Products/Debug-iphonesimulator/ReadiumZIPFoundation_ReadiumZIPFoundation.bundle/Info.plist

ProcessInfoPlistFile /Users/chenliangyu/Library/Developer/Xcode/DerivedData/BooksBrowser-dlrvnwnsktodgveyejdjreelllgw/Build/Products/Debug-iphonesimulator/CryptoSwift_CryptoSwift.bundle/Info.plist /Users/chenliangyu/Library/Developer/Xcode/DerivedData/BooksBrowser-dlrvnwnsktodgveyejdjreelllgw/Build/Intermediates.noindex/CryptoSwift.build/Debug-iphonesimulator/CryptoSwift_CryptoSwift.build/empty-CryptoSwift_CryptoSwift.plist (in target 'CryptoSwift_CryptoSwift' from project 'CryptoSwift')
    cd /Users/chenliangyu/Library/Developer/Xcode/DerivedData/BooksBrowser-dlrvnwnsktodgveyejdjreelllgw/SourcePackages/checkouts/CryptoSwift
    builtin-infoPlistUtility /Users/chenliangyu/Library/Developer/Xcode/DerivedData/BooksBrowser-dlrvnwnsktodgveyejdjreelllgw/Build/Intermediates.noindex/CryptoSwift.build/Debug-iphonesimulator/CryptoSwift_CryptoSwift.build/empty-CryptoSwift_CryptoSwift.plist -producttype com.apple.product-type.bundle -expandbuildsettings -format binary -platform iphonesimulator -o /Users/chenliangyu/Library/Developer/Xcode/DerivedData/BooksBrowser-dlrvnwnsktodgveyejdjreelllgw/Build/Products/Debug-iphonesimulator/CryptoSwift_CryptoSwift.bundle/Info.plist

Ld /Users/chenliangyu/Library/Developer/Xcode/DerivedData/BooksBrowser-dlrvnwnsktodgveyejdjreelllgw/Build/Products/Debug-iphonesimulator/ReadiumZIPFoundation.o normal (in target 'ReadiumZIPFoundation' from project 'ReadiumZIPFoundation')
    cd /Users/chenliangyu/Library/Developer/Xcode/DerivedData/BooksBrowser-dlrvnwnsktodgveyejdjreelllgw/SourcePackages/checkouts/ZIPFoundation
    /Applications/Xcode.app/Contents/Developer/Toolchains/XcodeDefault.xctoolchain/usr/bin/clang -Xlinker -reproducible -target arm64-apple-ios13.0-simulator -r -isysroot /Applications/Xcode.app/Contents/Developer/Platforms/iPhoneSimulator.platform/Developer/SDKs/iPhoneSimulator26.2.sdk -O0 -w -L/Users/chenliangyu/Library/Developer/Xcode/DerivedData/BooksBrowser-dlrvnwnsktodgveyejdjreelllgw/Build/Intermediates.noindex/EagerLinkingTBDs/Debug-iphonesimulator -L/Users/chenliangyu/Library/Developer/Xcode/DerivedData/BooksBrowser-dlrvnwnsktodgveyejdjreelllgw/Build/Products/Debug-iphonesimulator -L/Applications/Xcode.app/Contents/Developer/Platforms/iPhoneSimulator.platform/Developer/usr/lib -F/Users/chenliangyu/Library/Developer/Xcode/DerivedData/BooksBrowser-dlrvnwnsktodgveyejdjreelllgw/Build/Intermediates.noindex/EagerLinkingTBDs/Debug-iphonesimulator -F/Users/chenliangyu/Library/Developer/Xcode/DerivedData/BooksBrowser-dlrvnwnsktodgveyejdjreelllgw/Build/Products/Debug-iphonesimulator -iframework /Applications/Xcode.app/Contents/Developer/Platforms/iPhoneSimulator.platform/Developer/Library/Frameworks -iframework /Applications/Xcode.app/Contents/Developer/Platforms/iPhoneSimulator.platform/Developer/SDKs/iPhoneSimulator26.2.sdk/Developer/Library/Frameworks -filelist /Users/chenliangyu/Library/Developer/Xcode/DerivedData/BooksBrowser-dlrvnwnsktodgveyejdjreelllgw/Build/Intermediates.noindex/ReadiumZIPFoundation.build/Debug-iphonesimulator/ReadiumZIPFoundation.build/Objects-normal/arm64/ReadiumZIPFoundation.LinkFileList -nostdlib -Xlinker -object_path_lto -Xlinker /Users/chenliangyu/Library/Developer/Xcode/DerivedData/BooksBrowser-dlrvnwnsktodgveyejdjreelllgw/Build/Intermediates.noindex/ReadiumZIPFoundation.build/Debug-iphonesimulator/ReadiumZIPFoundation.build/Objects-normal/arm64/ReadiumZIPFoundation_lto.o -rdynamic -Xlinker -no_deduplicate -Xlinker -objc_abi_version -Xlinker 2 -Xlinker -debug_variant -Xlinker -dependency_info -Xlinker /Users/chenliangyu/Library/Developer/Xcode/DerivedData/BooksBrowser-dlrvnwnsktodgveyejdjreelllgw/Build/Intermediates.noindex/ReadiumZIPFoundation.build/Debug-iphonesimulator/ReadiumZIPFoundation.build/Objects-normal/arm64/ReadiumZIPFoundation_dependency_info.dat -fobjc-link-runtime -L/Applications/Xcode.app/Contents/Developer/Toolchains/XcodeDefault.xctoolchain/usr/lib/swift/iphonesimulator -L/usr/lib/swift -Xlinker -add_ast_path -Xlinker /Users/chenliangyu/Library/Developer/Xcode/DerivedData/BooksBrowser-dlrvnwnsktodgveyejdjreelllgw/Build/Intermediates.noindex/ReadiumZIPFoundation.build/Debug-iphonesimulator/ReadiumZIPFoundation.build/Objects-normal/arm64/ReadiumZIPFoundation.swiftmodule @/Users/chenliangyu/Library/Developer/Xcode/DerivedData/BooksBrowser-dlrvnwnsktodgveyejdjreelllgw/Build/Intermediates.noindex/ReadiumZIPFoundation.build/Debug-iphonesimulator/ReadiumZIPFoundation.build/Objects-normal/arm64/ReadiumZIPFoundation-linker-args.resp -o /Users/chenliangyu/Library/Developer/Xcode/DerivedData/BooksBrowser-dlrvnwnsktodgveyejdjreelllgw/Build/Products/Debug-iphonesimulator/ReadiumZIPFoundation.o

Ld /Users/chenliangyu/Library/Developer/Xcode/DerivedData/BooksBrowser-dlrvnwnsktodgveyejdjreelllgw/Build/Products/Debug-iphonesimulator/LRUCache.o normal (in target 'LRUCache' from project 'LRUCache')
    cd /Users/chenliangyu/Library/Developer/Xcode/DerivedData/BooksBrowser-dlrvnwnsktodgveyejdjreelllgw/SourcePackages/checkouts/LRUCache
    /Applications/Xcode.app/Contents/Developer/Toolchains/XcodeDefault.xctoolchain/usr/bin/clang -Xlinker -reproducible -target arm64-apple-ios13.0-simulator -r -isysroot /Applications/Xcode.app/Contents/Developer/Platforms/iPhoneSimulator.platform/Developer/SDKs/iPhoneSimulator26.2.sdk -O0 -w -L/Users/chenliangyu/Library/Developer/Xcode/DerivedData/BooksBrowser-dlrvnwnsktodgveyejdjreelllgw/Build/Intermediates.noindex/EagerLinkingTBDs/Debug-iphonesimulator -L/Users/chenliangyu/Library/Developer/Xcode/DerivedData/BooksBrowser-dlrvnwnsktodgveyejdjreelllgw/Build/Products/Debug-iphonesimulator -L/Applications/Xcode.app/Contents/Developer/Platforms/iPhoneSimulator.platform/Developer/usr/lib -F/Users/chenliangyu/Library/Developer/Xcode/DerivedData/BooksBrowser-dlrvnwnsktodgveyejdjreelllgw/Build/Intermediates.noindex/EagerLinkingTBDs/Debug-iphonesimulator -F/Users/chenliangyu/Library/Developer/Xcode/DerivedData/BooksBrowser-dlrvnwnsktodgveyejdjreelllgw/Build/Products/Debug-iphonesimulator -iframework /Applications/Xcode.app/Contents/Developer/Platforms/iPhoneSimulator.platform/Developer/Library/Frameworks -iframework /Applications/Xcode.app/Contents/Developer/Platforms/iPhoneSimulator.platform/Developer/SDKs/iPhoneSimulator26.2.sdk/Developer/Library/Frameworks -filelist /Users/chenliangyu/Library/Developer/Xcode/DerivedData/BooksBrowser-dlrvnwnsktodgveyejdjreelllgw/Build/Intermediates.noindex/LRUCache.build/Debug-iphonesimulator/LRUCache.build/Objects-normal/arm64/LRUCache.LinkFileList -nostdlib -Xlinker -object_path_lto -Xlinker /Users/chenliangyu/Library/Developer/Xcode/DerivedData/BooksBrowser-dlrvnwnsktodgveyejdjreelllgw/Build/Intermediates.noindex/LRUCache.build/Debug-iphonesimulator/LRUCache.build/Objects-normal/arm64/LRUCache_lto.o -rdynamic -Xlinker -no_deduplicate -Xlinker -objc_abi_version -Xlinker 2 -Xlinker -debug_variant -Xlinker -dependency_info -Xlinker /Users/chenliangyu/Library/Developer/Xcode/DerivedData/BooksBrowser-dlrvnwnsktodgveyejdjreelllgw/Build/Intermediates.noindex/LRUCache.build/Debug-iphonesimulator/LRUCache.build/Objects-normal/arm64/LRUCache_dependency_info.dat -fobjc-link-runtime -L/Applications/Xcode.app/Contents/Developer/Toolchains/XcodeDefault.xctoolchain/usr/lib/swift/iphonesimulator -L/usr/lib/swift -Xlinker -add_ast_path -Xlinker /Users/chenliangyu/Library/Developer/Xcode/DerivedData/BooksBrowser-dlrvnwnsktodgveyejdjreelllgw/Build/Intermediates.noindex/LRUCache.build/Debug-iphonesimulator/LRUCache.build/Objects-normal/arm64/LRUCache.swiftmodule @/Users/chenliangyu/Library/Developer/Xcode/DerivedData/BooksBrowser-dlrvnwnsktodgveyejdjreelllgw/Build/Intermediates.noindex/LRUCache.build/Debug-iphonesimulator/LRUCache.build/Objects-normal/arm64/LRUCache-linker-args.resp -o /Users/chenliangyu/Library/Developer/Xcode/DerivedData/BooksBrowser-dlrvnwnsktodgveyejdjreelllgw/Build/Products/Debug-iphonesimulator/LRUCache.o

Ld /Users/chenliangyu/Library/Developer/Xcode/DerivedData/BooksBrowser-dlrvnwnsktodgveyejdjreelllgw/Build/Products/Debug-iphonesimulator/ReadiumInternal.o normal (in target 'ReadiumInternal' from project 'Readium')
    cd /Users/chenliangyu/Library/Developer/Xcode/DerivedData/BooksBrowser-dlrvnwnsktodgveyejdjreelllgw/SourcePackages/checkouts/swift-toolkit
    /Applications/Xcode.app/Contents/Developer/Toolchains/XcodeDefault.xctoolchain/usr/bin/clang -Xlinker -reproducible -target arm64-apple-ios15.0-simulator -r -isysroot /Applications/Xcode.app/Contents/Developer/Platforms/iPhoneSimulator.platform/Developer/SDKs/iPhoneSimulator26.2.sdk -O0 -w -L/Users/chenliangyu/Library/Developer/Xcode/DerivedData/BooksBrowser-dlrvnwnsktodgveyejdjreelllgw/Build/Intermediates.noindex/EagerLinkingTBDs/Debug-iphonesimulator -L/Users/chenliangyu/Library/Developer/Xcode/DerivedData/BooksBrowser-dlrvnwnsktodgveyejdjreelllgw/Build/Products/Debug-iphonesimulator -L/Applications/Xcode.app/Contents/Developer/Platforms/iPhoneSimulator.platform/Developer/usr/lib -F/Users/chenliangyu/Library/Developer/Xcode/DerivedData/BooksBrowser-dlrvnwnsktodgveyejdjreelllgw/Build/Intermediates.noindex/EagerLinkingTBDs/Debug-iphonesimulator -F/Users/chenliangyu/Library/Developer/Xcode/DerivedData/BooksBrowser-dlrvnwnsktodgveyejdjreelllgw/Build/Products/Debug-iphonesimulator -iframework /Applications/Xcode.app/Contents/Developer/Platforms/iPhoneSimulator.platform/Developer/Library/Frameworks -iframework /Applications/Xcode.app/Contents/Developer/Platforms/iPhoneSimulator.platform/Developer/SDKs/iPhoneSimulator26.2.sdk/Developer/Library/Frameworks -filelist /Users/chenliangyu/Library/Developer/Xcode/DerivedData/BooksBrowser-dlrvnwnsktodgveyejdjreelllgw/Build/Intermediates.noindex/Readium.build/Debug-iphonesimulator/ReadiumInternal.build/Objects-normal/arm64/ReadiumInternal.LinkFileList -nostdlib -Xlinker -object_path_lto -Xlinker /Users/chenliangyu/Library/Developer/Xcode/DerivedData/BooksBrowser-dlrvnwnsktodgveyejdjreelllgw/Build/Intermediates.noindex/Readium.build/Debug-iphonesimulator/ReadiumInternal.build/Objects-normal/arm64/ReadiumInternal_lto.o -rdynamic -Xlinker -no_deduplicate -Xlinker -objc_abi_version -Xlinker 2 -Xlinker -debug_variant -Xlinker -dependency_info -Xlinker /Users/chenliangyu/Library/Developer/Xcode/DerivedData/BooksBrowser-dlrvnwnsktodgveyejdjreelllgw/Build/Intermediates.noindex/Readium.build/Debug-iphonesimulator/ReadiumInternal.build/Objects-normal/arm64/ReadiumInternal_dependency_info.dat -fobjc-link-runtime -L/Applications/Xcode.app/Contents/Developer/Toolchains/XcodeDefault.xctoolchain/usr/lib/swift/iphonesimulator -L/usr/lib/swift -Xlinker -add_ast_path -Xlinker /Users/chenliangyu/Library/Developer/Xcode/DerivedData/BooksBrowser-dlrvnwnsktodgveyejdjreelllgw/Build/Intermediates.noindex/Readium.build/Debug-iphonesimulator/ReadiumInternal.build/Objects-normal/arm64/ReadiumInternal.swiftmodule @/Users/chenliangyu/Library/Developer/Xcode/DerivedData/BooksBrowser-dlrvnwnsktodgveyejdjreelllgw/Build/Intermediates.noindex/Readium.build/Debug-iphonesimulator/ReadiumInternal.build/Objects-normal/arm64/ReadiumInternal-linker-args.resp -o /Users/chenliangyu/Library/Developer/Xcode/DerivedData/BooksBrowser-dlrvnwnsktodgveyejdjreelllgw/Build/Products/Debug-iphonesimulator/ReadiumInternal.o

Ld /Users/chenliangyu/Library/Developer/Xcode/DerivedData/BooksBrowser-dlrvnwnsktodgveyejdjreelllgw/Build/Products/Debug-iphonesimulator/DifferenceKit.o normal (in target 'DifferenceKit' from project 'DifferenceKit')
    cd /Users/chenliangyu/Library/Developer/Xcode/DerivedData/BooksBrowser-dlrvnwnsktodgveyejdjreelllgw/SourcePackages/checkouts/DifferenceKit
    /Applications/Xcode.app/Contents/Developer/Toolchains/XcodeDefault.xctoolchain/usr/bin/clang -Xlinker -reproducible -target arm64-apple-ios12.0-simulator -r -isysroot /Applications/Xcode.app/Contents/Developer/Platforms/iPhoneSimulator.platform/Developer/SDKs/iPhoneSimulator26.2.sdk -O0 -w -L/Users/chenliangyu/Library/Developer/Xcode/DerivedData/BooksBrowser-dlrvnwnsktodgveyejdjreelllgw/Build/Intermediates.noindex/EagerLinkingTBDs/Debug-iphonesimulator -L/Users/chenliangyu/Library/Developer/Xcode/DerivedData/BooksBrowser-dlrvnwnsktodgveyejdjreelllgw/Build/Products/Debug-iphonesimulator -L/Applications/Xcode.app/Contents/Developer/Platforms/iPhoneSimulator.platform/Developer/usr/lib -F/Users/chenliangyu/Library/Developer/Xcode/DerivedData/BooksBrowser-dlrvnwnsktodgveyejdjreelllgw/Build/Intermediates.noindex/EagerLinkingTBDs/Debug-iphonesimulator -F/Users/chenliangyu/Library/Developer/Xcode/DerivedData/BooksBrowser-dlrvnwnsktodgveyejdjreelllgw/Build/Products/Debug-iphonesimulator -iframework /Applications/Xcode.app/Contents/Developer/Platforms/iPhoneSimulator.platform/Developer/Library/Frameworks -iframework /Applications/Xcode.app/Contents/Developer/Platforms/iPhoneSimulator.platform/Developer/SDKs/iPhoneSimulator26.2.sdk/Developer/Library/Frameworks -filelist /Users/chenliangyu/Library/Developer/Xcode/DerivedData/BooksBrowser-dlrvnwnsktodgveyejdjreelllgw/Build/Intermediates.noindex/DifferenceKit.build/Debug-iphonesimulator/DifferenceKit.build/Objects-normal/arm64/DifferenceKit.LinkFileList -nostdlib -Xlinker -object_path_lto -Xlinker /Users/chenliangyu/Library/Developer/Xcode/DerivedData/BooksBrowser-dlrvnwnsktodgveyejdjreelllgw/Build/Intermediates.noindex/DifferenceKit.build/Debug-iphonesimulator/DifferenceKit.build/Objects-normal/arm64/DifferenceKit_lto.o -rdynamic -Xlinker -no_deduplicate -Xlinker -objc_abi_version -Xlinker 2 -Xlinker -debug_variant -Xlinker -dependency_info -Xlinker /Users/chenliangyu/Library/Developer/Xcode/DerivedData/BooksBrowser-dlrvnwnsktodgveyejdjreelllgw/Build/Intermediates.noindex/DifferenceKit.build/Debug-iphonesimulator/DifferenceKit.build/Objects-normal/arm64/DifferenceKit_dependency_info.dat -fobjc-link-runtime -L/Applications/Xcode.app/Contents/Developer/Toolchains/XcodeDefault.xctoolchain/usr/lib/swift/iphonesimulator -L/usr/lib/swift -Xlinker -add_ast_path -Xlinker /Users/chenliangyu/Library/Developer/Xcode/DerivedData/BooksBrowser-dlrvnwnsktodgveyejdjreelllgw/Build/Intermediates.noindex/DifferenceKit.build/Debug-iphonesimulator/DifferenceKit.build/Objects-normal/arm64/DifferenceKit.swiftmodule @/Users/chenliangyu/Library/Developer/Xcode/DerivedData/BooksBrowser-dlrvnwnsktodgveyejdjreelllgw/Build/Intermediates.noindex/DifferenceKit.build/Debug-iphonesimulator/DifferenceKit.build/Objects-normal/arm64/DifferenceKit-linker-args.resp -o /Users/chenliangyu/Library/Developer/Xcode/DerivedData/BooksBrowser-dlrvnwnsktodgveyejdjreelllgw/Build/Products/Debug-iphonesimulator/DifferenceKit.o

Ld /Users/chenliangyu/Library/Developer/Xcode/DerivedData/BooksBrowser-dlrvnwnsktodgveyejdjreelllgw/Build/Products/Debug-iphonesimulator/_AtomicsShims.o normal (in target '_AtomicsShims' from project 'swift-atomics')
    cd /Users/chenliangyu/Library/Developer/Xcode/DerivedData/BooksBrowser-dlrvnwnsktodgveyejdjreelllgw/SourcePackages/checkouts/swift-atomics
    /Applications/Xcode.app/Contents/Developer/Toolchains/XcodeDefault.xctoolchain/usr/bin/clang -Xlinker -reproducible -target arm64-apple-ios12.0-simulator -r -isysroot /Applications/Xcode.app/Contents/Developer/Platforms/iPhoneSimulator.platform/Developer/SDKs/iPhoneSimulator26.2.sdk -O0 -w -L/Users/chenliangyu/Library/Developer/Xcode/DerivedData/BooksBrowser-dlrvnwnsktodgveyejdjreelllgw/Build/Intermediates.noindex/EagerLinkingTBDs/Debug-iphonesimulator -L/Users/chenliangyu/Library/Developer/Xcode/DerivedData/BooksBrowser-dlrvnwnsktodgveyejdjreelllgw/Build/Products/Debug-iphonesimulator -L/Applications/Xcode.app/Contents/Developer/Platforms/iPhoneSimulator.platform/Developer/usr/lib -F/Users/chenliangyu/Library/Developer/Xcode/DerivedData/BooksBrowser-dlrvnwnsktodgveyejdjreelllgw/Build/Intermediates.noindex/EagerLinkingTBDs/Debug-iphonesimulator -F/Users/chenliangyu/Library/Developer/Xcode/DerivedData/BooksBrowser-dlrvnwnsktodgveyejdjreelllgw/Build/Products/Debug-iphonesimulator -iframework /Applications/Xcode.app/Contents/Developer/Platforms/iPhoneSimulator.platform/Developer/Library/Frameworks -iframework /Applications/Xcode.app/Contents/Developer/Platforms/iPhoneSimulator.platform/Developer/SDKs/iPhoneSimulator26.2.sdk/Developer/Library/Frameworks -filelist /Users/chenliangyu/Library/Developer/Xcode/DerivedData/BooksBrowser-dlrvnwnsktodgveyejdjreelllgw/Build/Intermediates.noindex/swift-atomics.build/Debug-iphonesimulator/_AtomicsShims.build/Objects-normal/arm64/_AtomicsShims.LinkFileList -nostdlib -Xlinker -object_path_lto -Xlinker /Users/chenliangyu/Library/Developer/Xcode/DerivedData/BooksBrowser-dlrvnwnsktodgveyejdjreelllgw/Build/Intermediates.noindex/swift-atomics.build/Debug-iphonesimulator/_AtomicsShims.build/Objects-normal/arm64/_AtomicsShims_lto.o -rdynamic -Xlinker -no_deduplicate -Xlinker -objc_abi_version -Xlinker 2 -Xlinker -debug_variant -Xlinker -dependency_info -Xlinker /Users/chenliangyu/Library/Developer/Xcode/DerivedData/BooksBrowser-dlrvnwnsktodgveyejdjreelllgw/Build/Intermediates.noindex/swift-atomics.build/Debug-iphonesimulator/_AtomicsShims.build/Objects-normal/arm64/_AtomicsShims_dependency_info.dat -o /Users/chenliangyu/Library/Developer/Xcode/DerivedData/BooksBrowser-dlrvnwnsktodgveyejdjreelllgw/Build/Products/Debug-iphonesimulator/_AtomicsShims.o

Ld /Users/chenliangyu/Library/Developer/Xcode/DerivedData/BooksBrowser-dlrvnwnsktodgveyejdjreelllgw/Build/Products/Debug-iphonesimulator/Minizip.o normal (in target 'Minizip' from project 'Zip')
    cd /Users/chenliangyu/Library/Developer/Xcode/DerivedData/BooksBrowser-dlrvnwnsktodgveyejdjreelllgw/SourcePackages/checkouts/Zip
    /Applications/Xcode.app/Contents/Developer/Toolchains/XcodeDefault.xctoolchain/usr/bin/clang -Xlinker -reproducible -target arm64-apple-ios12.0-simulator -r -isysroot /Applications/Xcode.app/Contents/Developer/Platforms/iPhoneSimulator.platform/Developer/SDKs/iPhoneSimulator26.2.sdk -O0 -w -L/Users/chenliangyu/Library/Developer/Xcode/DerivedData/BooksBrowser-dlrvnwnsktodgveyejdjreelllgw/Build/Intermediates.noindex/EagerLinkingTBDs/Debug-iphonesimulator -L/Users/chenliangyu/Library/Developer/Xcode/DerivedData/BooksBrowser-dlrvnwnsktodgveyejdjreelllgw/Build/Products/Debug-iphonesimulator -L/Applications/Xcode.app/Contents/Developer/Platforms/iPhoneSimulator.platform/Developer/usr/lib -F/Users/chenliangyu/Library/Developer/Xcode/DerivedData/BooksBrowser-dlrvnwnsktodgveyejdjreelllgw/Build/Intermediates.noindex/EagerLinkingTBDs/Debug-iphonesimulator -F/Users/chenliangyu/Library/Developer/Xcode/DerivedData/BooksBrowser-dlrvnwnsktodgveyejdjreelllgw/Build/Products/Debug-iphonesimulator -iframework /Applications/Xcode.app/Contents/Developer/Platforms/iPhoneSimulator.platform/Developer/Library/Frameworks -iframework /Applications/Xcode.app/Contents/Developer/Platforms/iPhoneSimulator.platform/Developer/SDKs/iPhoneSimulator26.2.sdk/Developer/Library/Frameworks -filelist /Users/chenliangyu/Library/Developer/Xcode/DerivedData/BooksBrowser-dlrvnwnsktodgveyejdjreelllgw/Build/Intermediates.noindex/Zip.build/Debug-iphonesimulator/Minizip.build/Objects-normal/arm64/Minizip.LinkFileList -nostdlib -Xlinker -object_path_lto -Xlinker /Users/chenliangyu/Library/Developer/Xcode/DerivedData/BooksBrowser-dlrvnwnsktodgveyejdjreelllgw/Build/Intermediates.noindex/Zip.build/Debug-iphonesimulator/Minizip.build/Objects-normal/arm64/Minizip_lto.o -rdynamic -Xlinker -no_deduplicate -Xlinker -objc_abi_version -Xlinker 2 -Xlinker -debug_variant -Xlinker -dependency_info -Xlinker /Users/chenliangyu/Library/Developer/Xcode/DerivedData/BooksBrowser-dlrvnwnsktodgveyejdjreelllgw/Build/Intermediates.noindex/Zip.build/Debug-iphonesimulator/Minizip.build/Objects-normal/arm64/Minizip_dependency_info.dat -o /Users/chenliangyu/Library/Developer/Xcode/DerivedData/BooksBrowser-dlrvnwnsktodgveyejdjreelllgw/Build/Products/Debug-iphonesimulator/Minizip.o

Ld /Users/chenliangyu/Library/Developer/Xcode/DerivedData/BooksBrowser-dlrvnwnsktodgveyejdjreelllgw/Build/Products/Debug-iphonesimulator/ReadiumFuzi.o normal (in target 'ReadiumFuzi' from project 'ReadiumFuzi')
    cd /Users/chenliangyu/Library/Developer/Xcode/DerivedData/BooksBrowser-dlrvnwnsktodgveyejdjreelllgw/SourcePackages/checkouts/Fuzi
    /Applications/Xcode.app/Contents/Developer/Toolchains/XcodeDefault.xctoolchain/usr/bin/clang -Xlinker -reproducible -target arm64-apple-ios12.0-simulator -r -isysroot /Applications/Xcode.app/Contents/Developer/Platforms/iPhoneSimulator.platform/Developer/SDKs/iPhoneSimulator26.2.sdk -O0 -w -L/Users/chenliangyu/Library/Developer/Xcode/DerivedData/BooksBrowser-dlrvnwnsktodgveyejdjreelllgw/Build/Intermediates.noindex/EagerLinkingTBDs/Debug-iphonesimulator -L/Users/chenliangyu/Library/Developer/Xcode/DerivedData/BooksBrowser-dlrvnwnsktodgveyejdjreelllgw/Build/Products/Debug-iphonesimulator -L/Applications/Xcode.app/Contents/Developer/Platforms/iPhoneSimulator.platform/Developer/usr/lib -F/Users/chenliangyu/Library/Developer/Xcode/DerivedData/BooksBrowser-dlrvnwnsktodgveyejdjreelllgw/Build/Intermediates.noindex/EagerLinkingTBDs/Debug-iphonesimulator -F/Users/chenliangyu/Library/Developer/Xcode/DerivedData/BooksBrowser-dlrvnwnsktodgveyejdjreelllgw/Build/Products/Debug-iphonesimulator -iframework /Applications/Xcode.app/Contents/Developer/Platforms/iPhoneSimulator.platform/Developer/Library/Frameworks -iframework /Applications/Xcode.app/Contents/Developer/Platforms/iPhoneSimulator.platform/Developer/SDKs/iPhoneSimulator26.2.sdk/Developer/Library/Frameworks -filelist /Users/chenliangyu/Library/Developer/Xcode/DerivedData/BooksBrowser-dlrvnwnsktodgveyejdjreelllgw/Build/Intermediates.noindex/ReadiumFuzi.build/Debug-iphonesimulator/ReadiumFuzi.build/Objects-normal/arm64/ReadiumFuzi.LinkFileList -nostdlib -Xlinker -object_path_lto -Xlinker /Users/chenliangyu/Library/Developer/Xcode/DerivedData/BooksBrowser-dlrvnwnsktodgveyejdjreelllgw/Build/Intermediates.noindex/ReadiumFuzi.build/Debug-iphonesimulator/ReadiumFuzi.build/Objects-normal/arm64/ReadiumFuzi_lto.o -rdynamic -Xlinker -no_deduplicate -Xlinker -objc_abi_version -Xlinker 2 -Xlinker -debug_variant -Xlinker -dependency_info -Xlinker /Users/chenliangyu/Library/Developer/Xcode/DerivedData/BooksBrowser-dlrvnwnsktodgveyejdjreelllgw/Build/Intermediates.noindex/ReadiumFuzi.build/Debug-iphonesimulator/ReadiumFuzi.build/Objects-normal/arm64/ReadiumFuzi_dependency_info.dat -fobjc-link-runtime -L/Applications/Xcode.app/Contents/Developer/Toolchains/XcodeDefault.xctoolchain/usr/lib/swift/iphonesimulator -L/usr/lib/swift -Xlinker -add_ast_path -Xlinker /Users/chenliangyu/Library/Developer/Xcode/DerivedData/BooksBrowser-dlrvnwnsktodgveyejdjreelllgw/Build/Intermediates.noindex/ReadiumFuzi.build/Debug-iphonesimulator/ReadiumFuzi.build/Objects-normal/arm64/ReadiumFuzi.swiftmodule @/Users/chenliangyu/Library/Developer/Xcode/DerivedData/BooksBrowser-dlrvnwnsktodgveyejdjreelllgw/Build/Intermediates.noindex/ReadiumFuzi.build/Debug-iphonesimulator/ReadiumFuzi.build/Objects-normal/arm64/ReadiumFuzi-linker-args.resp -o /Users/chenliangyu/Library/Developer/Xcode/DerivedData/BooksBrowser-dlrvnwnsktodgveyejdjreelllgw/Build/Products/Debug-iphonesimulator/ReadiumFuzi.o

Ld /Users/chenliangyu/Library/Developer/Xcode/DerivedData/BooksBrowser-dlrvnwnsktodgveyejdjreelllgw/Build/Products/Debug-iphonesimulator/ReadiumGCDWebServer.o normal (in target 'ReadiumGCDWebServer' from project 'GCDWebServer')
    cd /Users/chenliangyu/Library/Developer/Xcode/DerivedData/BooksBrowser-dlrvnwnsktodgveyejdjreelllgw/SourcePackages/checkouts/GCDWebServer
    /Applications/Xcode.app/Contents/Developer/Toolchains/XcodeDefault.xctoolchain/usr/bin/clang -Xlinker -reproducible -target arm64-apple-ios12.0-simulator -r -isysroot /Applications/Xcode.app/Contents/Developer/Platforms/iPhoneSimulator.platform/Developer/SDKs/iPhoneSimulator26.2.sdk -O0 -w -L/Users/chenliangyu/Library/Developer/Xcode/DerivedData/BooksBrowser-dlrvnwnsktodgveyejdjreelllgw/Build/Intermediates.noindex/EagerLinkingTBDs/Debug-iphonesimulator -L/Users/chenliangyu/Library/Developer/Xcode/DerivedData/BooksBrowser-dlrvnwnsktodgveyejdjreelllgw/Build/Products/Debug-iphonesimulator -L/Applications/Xcode.app/Contents/Developer/Platforms/iPhoneSimulator.platform/Developer/usr/lib -F/Users/chenliangyu/Library/Developer/Xcode/DerivedData/BooksBrowser-dlrvnwnsktodgveyejdjreelllgw/Build/Intermediates.noindex/EagerLinkingTBDs/Debug-iphonesimulator -F/Users/chenliangyu/Library/Developer/Xcode/DerivedData/BooksBrowser-dlrvnwnsktodgveyejdjreelllgw/Build/Products/Debug-iphonesimulator -iframework /Applications/Xcode.app/Contents/Developer/Platforms/iPhoneSimulator.platform/Developer/Library/Frameworks -iframework /Applications/Xcode.app/Contents/Developer/Platforms/iPhoneSimulator.platform/Developer/SDKs/iPhoneSimulator26.2.sdk/Developer/Library/Frameworks -filelist /Users/chenliangyu/Library/Developer/Xcode/DerivedData/BooksBrowser-dlrvnwnsktodgveyejdjreelllgw/Build/Intermediates.noindex/GCDWebServer.build/Debug-iphonesimulator/ReadiumGCDWebServer.build/Objects-normal/arm64/ReadiumGCDWebServer.LinkFileList -nostdlib -Xlinker -object_path_lto -Xlinker /Users/chenliangyu/Library/Developer/Xcode/DerivedData/BooksBrowser-dlrvnwnsktodgveyejdjreelllgw/Build/Intermediates.noindex/GCDWebServer.build/Debug-iphonesimulator/ReadiumGCDWebServer.build/Objects-normal/arm64/ReadiumGCDWebServer_lto.o -rdynamic -Xlinker -no_deduplicate -Xlinker -objc_abi_version -Xlinker 2 -Xlinker -debug_variant -Xlinker -dependency_info -Xlinker /Users/chenliangyu/Library/Developer/Xcode/DerivedData/BooksBrowser-dlrvnwnsktodgveyejdjreelllgw/Build/Intermediates.noindex/GCDWebServer.build/Debug-iphonesimulator/ReadiumGCDWebServer.build/Objects-normal/arm64/ReadiumGCDWebServer_dependency_info.dat -fobjc-arc -fobjc-link-runtime -o /Users/chenliangyu/Library/Developer/Xcode/DerivedData/BooksBrowser-dlrvnwnsktodgveyejdjreelllgw/Build/Products/Debug-iphonesimulator/ReadiumGCDWebServer.o

Ld /Users/chenliangyu/Library/Developer/Xcode/DerivedData/BooksBrowser-dlrvnwnsktodgveyejdjreelllgw/Build/Products/Debug-iphonesimulator/CryptoSwift.o normal (in target 'CryptoSwift' from project 'CryptoSwift')
    cd /Users/chenliangyu/Library/Developer/Xcode/DerivedData/BooksBrowser-dlrvnwnsktodgveyejdjreelllgw/SourcePackages/checkouts/CryptoSwift
    /Applications/Xcode.app/Contents/Developer/Toolchains/XcodeDefault.xctoolchain/usr/bin/clang -Xlinker -reproducible -target arm64-apple-ios12.0-simulator -r -isysroot /Applications/Xcode.app/Contents/Developer/Platforms/iPhoneSimulator.platform/Developer/SDKs/iPhoneSimulator26.2.sdk -O0 -w -L/Users/chenliangyu/Library/Developer/Xcode/DerivedData/BooksBrowser-dlrvnwnsktodgveyejdjreelllgw/Build/Intermediates.noindex/EagerLinkingTBDs/Debug-iphonesimulator -L/Users/chenliangyu/Library/Developer/Xcode/DerivedData/BooksBrowser-dlrvnwnsktodgveyejdjreelllgw/Build/Products/Debug-iphonesimulator -L/Applications/Xcode.app/Contents/Developer/Platforms/iPhoneSimulator.platform/Developer/usr/lib -F/Users/chenliangyu/Library/Developer/Xcode/DerivedData/BooksBrowser-dlrvnwnsktodgveyejdjreelllgw/Build/Intermediates.noindex/EagerLinkingTBDs/Debug-iphonesimulator -F/Users/chenliangyu/Library/Developer/Xcode/DerivedData/BooksBrowser-dlrvnwnsktodgveyejdjreelllgw/Build/Products/Debug-iphonesimulator -iframework /Applications/Xcode.app/Contents/Developer/Platforms/iPhoneSimulator.platform/Developer/Library/Frameworks -iframework /Applications/Xcode.app/Contents/Developer/Platforms/iPhoneSimulator.platform/Developer/SDKs/iPhoneSimulator26.2.sdk/Developer/Library/Frameworks -filelist /Users/chenliangyu/Library/Developer/Xcode/DerivedData/BooksBrowser-dlrvnwnsktodgveyejdjreelllgw/Build/Intermediates.noindex/CryptoSwift.build/Debug-iphonesimulator/CryptoSwift.build/Objects-normal/arm64/CryptoSwift.LinkFileList -nostdlib -Xlinker -object_path_lto -Xlinker /Users/chenliangyu/Library/Developer/Xcode/DerivedData/BooksBrowser-dlrvnwnsktodgveyejdjreelllgw/Build/Intermediates.noindex/CryptoSwift.build/Debug-iphonesimulator/CryptoSwift.build/Objects-normal/arm64/CryptoSwift_lto.o -rdynamic -Xlinker -no_deduplicate -Xlinker -objc_abi_version -Xlinker 2 -Xlinker -debug_variant -Xlinker -dependency_info -Xlinker /Users/chenliangyu/Library/Developer/Xcode/DerivedData/BooksBrowser-dlrvnwnsktodgveyejdjreelllgw/Build/Intermediates.noindex/CryptoSwift.build/Debug-iphonesimulator/CryptoSwift.build/Objects-normal/arm64/CryptoSwift_dependency_info.dat -fobjc-link-runtime -L/Applications/Xcode.app/Contents/Developer/Toolchains/XcodeDefault.xctoolchain/usr/lib/swift/iphonesimulator -L/usr/lib/swift -Xlinker -add_ast_path -Xlinker /Users/chenliangyu/Library/Developer/Xcode/DerivedData/BooksBrowser-dlrvnwnsktodgveyejdjreelllgw/Build/Intermediates.noindex/CryptoSwift.build/Debug-iphonesimulator/CryptoSwift.build/Objects-normal/arm64/CryptoSwift.swiftmodule @/Users/chenliangyu/Library/Developer/Xcode/DerivedData/BooksBrowser-dlrvnwnsktodgveyejdjreelllgw/Build/Intermediates.noindex/CryptoSwift.build/Debug-iphonesimulator/CryptoSwift.build/Objects-normal/arm64/CryptoSwift-linker-args.resp -o /Users/chenliangyu/Library/Developer/Xcode/DerivedData/BooksBrowser-dlrvnwnsktodgveyejdjreelllgw/Build/Products/Debug-iphonesimulator/CryptoSwift.o

ProcessProductPackaging "" /Users/chenliangyu/Library/Developer/Xcode/DerivedData/BooksBrowser-dlrvnwnsktodgveyejdjreelllgw/Build/Intermediates.noindex/BooksBrowser.build/Debug-iphonesimulator/BooksBrowser.build/BooksBrowser.app-Simulated.xcent (in target 'BooksBrowser' from project 'BooksBrowser')
    cd /Users/chenliangyu/Desktop/Development/BooksBrowserWorkspace/booksbrowser_ios
    
    Entitlements:
    
    {
    "application-identifier" = "XNSH5U9FNV.com.Max0228.BooksBrowser";
}
    
    builtin-productPackagingUtility -entitlements -format xml -o /Users/chenliangyu/Library/Developer/Xcode/DerivedData/BooksBrowser-dlrvnwnsktodgveyejdjreelllgw/Build/Intermediates.noindex/BooksBrowser.build/Debug-iphonesimulator/BooksBrowser.build/BooksBrowser.app-Simulated.xcent

ProcessProductPackagingDER /Users/chenliangyu/Library/Developer/Xcode/DerivedData/BooksBrowser-dlrvnwnsktodgveyejdjreelllgw/Build/Intermediates.noindex/BooksBrowser.build/Debug-iphonesimulator/BooksBrowser.build/BooksBrowser.app-Simulated.xcent /Users/chenliangyu/Library/Developer/Xcode/DerivedData/BooksBrowser-dlrvnwnsktodgveyejdjreelllgw/Build/Intermediates.noindex/BooksBrowser.build/Debug-iphonesimulator/BooksBrowser.build/BooksBrowser.app-Simulated.xcent.der (in target 'BooksBrowser' from project 'BooksBrowser')
    cd /Users/chenliangyu/Desktop/Development/BooksBrowserWorkspace/booksbrowser_ios
    /usr/bin/derq query -f xml -i /Users/chenliangyu/Library/Developer/Xcode/DerivedData/BooksBrowser-dlrvnwnsktodgveyejdjreelllgw/Build/Intermediates.noindex/BooksBrowser.build/Debug-iphonesimulator/BooksBrowser.build/BooksBrowser.app-Simulated.xcent -o /Users/chenliangyu/Library/Developer/Xcode/DerivedData/BooksBrowser-dlrvnwnsktodgveyejdjreelllgw/Build/Intermediates.noindex/BooksBrowser.build/Debug-iphonesimulator/BooksBrowser.build/BooksBrowser.app-Simulated.xcent.der --raw

GenerateAssetSymbols /Users/chenliangyu/Desktop/Development/BooksBrowserWorkspace/booksbrowser_ios/BooksBrowser/Assets.xcassets (in target 'BooksBrowser' from project 'BooksBrowser')
    cd /Users/chenliangyu/Desktop/Development/BooksBrowserWorkspace/booksbrowser_ios
    /Applications/Xcode.app/Contents/Developer/usr/bin/actool /Users/chenliangyu/Desktop/Development/BooksBrowserWorkspace/booksbrowser_ios/BooksBrowser/Assets.xcassets --compile /Users/chenliangyu/Library/Developer/Xcode/DerivedData/BooksBrowser-dlrvnwnsktodgveyejdjreelllgw/Build/Products/Debug-iphonesimulator/BooksBrowser.app --output-format human-readable-text --notices --warnings --export-dependency-info /Users/chenliangyu/Library/Developer/Xcode/DerivedData/BooksBrowser-dlrvnwnsktodgveyejdjreelllgw/Build/Intermediates.noindex/BooksBrowser.build/Debug-iphonesimulator/BooksBrowser.build/assetcatalog_dependencies --output-partial-info-plist /Users/chenliangyu/Library/Developer/Xcode/DerivedData/BooksBrowser-dlrvnwnsktodgveyejdjreelllgw/Build/Intermediates.noindex/BooksBrowser.build/Debug-iphonesimulator/BooksBrowser.build/assetcatalog_generated_info.plist --app-icon AppIcon --accent-color AccentColor --compress-pngs --enable-on-demand-resources YES --development-region en --target-device iphone --target-device ipad --minimum-deployment-target 26.0 --platform iphonesimulator --bundle-identifier com.Max0228.BooksBrowser --generate-swift-asset-symbols /Users/chenliangyu/Library/Developer/Xcode/DerivedData/BooksBrowser-dlrvnwnsktodgveyejdjreelllgw/Build/Intermediates.noindex/BooksBrowser.build/Debug-iphonesimulator/BooksBrowser.build/DerivedSources/GeneratedAssetSymbols.swift --generate-objc-asset-symbols /Users/chenliangyu/Library/Developer/Xcode/DerivedData/BooksBrowser-dlrvnwnsktodgveyejdjreelllgw/Build/Intermediates.noindex/BooksBrowser.build/Debug-iphonesimulator/BooksBrowser.build/DerivedSources/GeneratedAssetSymbols.h --generate-asset-symbol-index /Users/chenliangyu/Library/Developer/Xcode/DerivedData/BooksBrowser-dlrvnwnsktodgveyejdjreelllgw/Build/Intermediates.noindex/BooksBrowser.build/Debug-iphonesimulator/BooksBrowser.build/DerivedSources/GeneratedAssetSymbols-Index.plist
/* com.apple.actool.compilation-results */
/Users/chenliangyu/Library/Developer/Xcode/DerivedData/BooksBrowser-dlrvnwnsktodgveyejdjreelllgw/Build/Intermediates.noindex/BooksBrowser.build/Debug-iphonesimulator/BooksBrowser.build/DerivedSources/GeneratedAssetSymbols-Index.plist
/Users/chenliangyu/Library/Developer/Xcode/DerivedData/BooksBrowser-dlrvnwnsktodgveyejdjreelllgw/Build/Intermediates.noindex/BooksBrowser.build/Debug-iphonesimulator/BooksBrowser.build/DerivedSources/GeneratedAssetSymbols.h
/Users/chenliangyu/Library/Developer/Xcode/DerivedData/BooksBrowser-dlrvnwnsktodgveyejdjreelllgw/Build/Intermediates.noindex/BooksBrowser.build/Debug-iphonesimulator/BooksBrowser.build/DerivedSources/GeneratedAssetSymbols.swift


LinkAssetCatalog /Users/chenliangyu/Desktop/Development/BooksBrowserWorkspace/booksbrowser_ios/BooksBrowser/Assets.xcassets (in target 'BooksBrowser' from project 'BooksBrowser')
    cd /Users/chenliangyu/Desktop/Development/BooksBrowserWorkspace/booksbrowser_ios
    builtin-linkAssetCatalog --thinned /Users/chenliangyu/Library/Developer/Xcode/DerivedData/BooksBrowser-dlrvnwnsktodgveyejdjreelllgw/Build/Intermediates.noindex/BooksBrowser.build/Debug-iphonesimulator/BooksBrowser.build/assetcatalog_output/thinned --thinned-dependencies /Users/chenliangyu/Library/Developer/Xcode/DerivedData/BooksBrowser-dlrvnwnsktodgveyejdjreelllgw/Build/Intermediates.noindex/BooksBrowser.build/Debug-iphonesimulator/BooksBrowser.build/assetcatalog_dependencies_thinned --thinned-info-plist-content /Users/chenliangyu/Library/Developer/Xcode/DerivedData/BooksBrowser-dlrvnwnsktodgveyejdjreelllgw/Build/Intermediates.noindex/BooksBrowser.build/Debug-iphonesimulator/BooksBrowser.build/assetcatalog_generated_info.plist_thinned --unthinned /Users/chenliangyu/Library/Developer/Xcode/DerivedData/BooksBrowser-dlrvnwnsktodgveyejdjreelllgw/Build/Intermediates.noindex/BooksBrowser.build/Debug-iphonesimulator/BooksBrowser.build/assetcatalog_output/unthinned --unthinned-dependencies /Users/chenliangyu/Library/Developer/Xcode/DerivedData/BooksBrowser-dlrvnwnsktodgveyejdjreelllgw/Build/Intermediates.noindex/BooksBrowser.build/Debug-iphonesimulator/BooksBrowser.build/assetcatalog_dependencies_unthinned --unthinned-info-plist-content /Users/chenliangyu/Library/Developer/Xcode/DerivedData/BooksBrowser-dlrvnwnsktodgveyejdjreelllgw/Build/Intermediates.noindex/BooksBrowser.build/Debug-iphonesimulator/BooksBrowser.build/assetcatalog_generated_info.plist_unthinned --output /Users/chenliangyu/Library/Developer/Xcode/DerivedData/BooksBrowser-dlrvnwnsktodgveyejdjreelllgw/Build/Products/Debug-iphonesimulator/BooksBrowser.app --plist-output /Users/chenliangyu/Library/Developer/Xcode/DerivedData/BooksBrowser-dlrvnwnsktodgveyejdjreelllgw/Build/Intermediates.noindex/BooksBrowser.build/Debug-iphonesimulator/BooksBrowser.build/assetcatalog_generated_info.plist

SwiftDriver BooksBrowser normal arm64 com.apple.xcode.tools.swift.compiler (in target 'BooksBrowser' from project 'BooksBrowser')
    cd /Users/chenliangyu/Desktop/Development/BooksBrowserWorkspace/booksbrowser_ios
    builtin-SwiftDriver -- /Applications/Xcode.app/Contents/Developer/Toolchains/XcodeDefault.xctoolchain/usr/bin/swiftc -module-name BooksBrowser -Onone -enforce-exclusivity\=checked @/Users/chenliangyu/Library/Developer/Xcode/DerivedData/BooksBrowser-dlrvnwnsktodgveyejdjreelllgw/Build/Intermediates.noindex/BooksBrowser.build/Debug-iphonesimulator/BooksBrowser.build/Objects-normal/arm64/BooksBrowser.SwiftFileList -DDEBUG -Xcc -fmodule-map-file\=/Users/chenliangyu/Library/Developer/Xcode/DerivedData/BooksBrowser-dlrvnwnsktodgveyejdjreelllgw/Build/Intermediates.noindex/GeneratedModuleMaps-iphonesimulator/Minizip.modulemap -Xcc -fmodule-map-file\=/Users/chenliangyu/Library/Developer/Xcode/DerivedData/BooksBrowser-dlrvnwnsktodgveyejdjreelllgw/Build/Intermediates.noindex/GeneratedModuleMaps-iphonesimulator/ReadiumGCDWebServer.modulemap -enable-bare-slash-regex -enable-experimental-feature DebugDescriptionMacro -sdk /Applications/Xcode.app/Contents/Developer/Platforms/iPhoneSimulator.platform/Developer/SDKs/iPhoneSimulator26.2.sdk -target arm64-apple-ios26.0-simulator -g -module-cache-path /Users/chenliangyu/Library/Developer/Xcode/DerivedData/ModuleCache.noindex -Xfrontend -serialize-debugging-options -profile-coverage-mapping -profile-generate -enable-testing -index-store-path /Users/chenliangyu/Library/Developer/Xcode/DerivedData/BooksBrowser-dlrvnwnsktodgveyejdjreelllgw/Index.noindex/DataStore -Xcc -D_LIBCPP_HARDENING_MODE\=_LIBCPP_HARDENING_MODE_DEBUG -swift-version 5 -I /Users/chenliangyu/Library/Developer/Xcode/DerivedData/BooksBrowser-dlrvnwnsktodgveyejdjreelllgw/Build/Products/Debug-iphonesimulator -F /Users/chenliangyu/Library/Developer/Xcode/DerivedData/BooksBrowser-dlrvnwnsktodgveyejdjreelllgw/Build/Products/Debug-iphonesimulator/PackageFrameworks -F /Users/chenliangyu/Library/Developer/Xcode/DerivedData/BooksBrowser-dlrvnwnsktodgveyejdjreelllgw/Build/Products/Debug-iphonesimulator/PackageFrameworks -F /Users/chenliangyu/Library/Developer/Xcode/DerivedData/BooksBrowser-dlrvnwnsktodgveyejdjreelllgw/Build/Products/Debug-iphonesimulator/PackageFrameworks -F /Users/chenliangyu/Library/Developer/Xcode/DerivedData/BooksBrowser-dlrvnwnsktodgveyejdjreelllgw/Build/Products/Debug-iphonesimulator/PackageFrameworks -F /Users/chenliangyu/Library/Developer/Xcode/DerivedData/BooksBrowser-dlrvnwnsktodgveyejdjreelllgw/Build/Products/Debug-iphonesimulator/PackageFrameworks -F /Users/chenliangyu/Library/Developer/Xcode/DerivedData/BooksBrowser-dlrvnwnsktodgveyejdjreelllgw/Build/Products/Debug-iphonesimulator/PackageFrameworks -F /Users/chenliangyu/Library/Developer/Xcode/DerivedData/BooksBrowser-dlrvnwnsktodgveyejdjreelllgw/Build/Products/Debug-iphonesimulator/PackageFrameworks -F /Users/chenliangyu/Library/Developer/Xcode/DerivedData/BooksBrowser-dlrvnwnsktodgveyejdjreelllgw/Build/Products/Debug-iphonesimulator/PackageFrameworks -F /Users/chenliangyu/Library/Developer/Xcode/DerivedData/BooksBrowser-dlrvnwnsktodgveyejdjreelllgw/Build/Products/Debug-iphonesimulator/PackageFrameworks -F /Users/chenliangyu/Library/Developer/Xcode/DerivedData/BooksBrowser-dlrvnwnsktodgveyejdjreelllgw/Build/Products/Debug-iphonesimulator/PackageFrameworks -F /Users/chenliangyu/Library/Developer/Xcode/DerivedData/BooksBrowser-dlrvnwnsktodgveyejdjreelllgw/Build/Products/Debug-iphonesimulator/PackageFrameworks -F /Users/chenliangyu/Library/Developer/Xcode/DerivedData/BooksBrowser-dlrvnwnsktodgveyejdjreelllgw/Build/Products/Debug-iphonesimulator/PackageFrameworks -F /Users/chenliangyu/Library/Developer/Xcode/DerivedData/BooksBrowser-dlrvnwnsktodgveyejdjreelllgw/Build/Products/Debug-iphonesimulator/PackageFrameworks -F /Users/chenliangyu/Library/Developer/Xcode/DerivedData/BooksBrowser-dlrvnwnsktodgveyejdjreelllgw/Build/Products/Debug-iphonesimulator/PackageFrameworks -F /Users/chenliangyu/Library/Developer/Xcode/DerivedData/BooksBrowser-dlrvnwnsktodgveyejdjreelllgw/Build/Products/Debug-iphonesimulator/PackageFrameworks -F /Users/chenliangyu/Library/Developer/Xcode/DerivedData/BooksBrowser-dlrvnwnsktodgveyejdjreelllgw/Build/Products/Debug-iphonesimulator/PackageFrameworks -F /Users/chenliangyu/Library/Developer/Xcode/DerivedData/BooksBrowser-dlrvnwnsktodgveyejdjreelllgw/Build/Products/Debug-iphonesimulator -emit-localized-strings -emit-localized-strings-path /Users/chenliangyu/Library/Developer/Xcode/DerivedData/BooksBrowser-dlrvnwnsktodgveyejdjreelllgw/Build/Intermediates.noindex/BooksBrowser.build/Debug-iphonesimulator/BooksBrowser.build/Objects-normal/arm64 -c -j10 -enable-batch-mode -incremental -Xcc -ivfsstatcache -Xcc /Users/chenliangyu/Library/Developer/Xcode/DerivedData/SDKStatCaches.noindex/iphonesimulator26.2-23C53-7d00a8b37fbd7999ea79df8ebc024bf0.sdkstatcache -output-file-map /Users/chenliangyu/Library/Developer/Xcode/DerivedData/BooksBrowser-dlrvnwnsktodgveyejdjreelllgw/Build/Intermediates.noindex/BooksBrowser.build/Debug-iphonesimulator/BooksBrowser.build/Objects-normal/arm64/BooksBrowser-OutputFileMap.json -use-frontend-parseable-output -save-temps -no-color-diagnostics -explicit-module-build -module-cache-path /Users/chenliangyu/Library/Developer/Xcode/DerivedData/BooksBrowser-dlrvnwnsktodgveyejdjreelllgw/Build/Intermediates.noindex/SwiftExplicitPrecompiledModules -clang-scanner-module-cache-path /Users/chenliangyu/Library/Developer/Xcode/DerivedData/ModuleCache.noindex -sdk-module-cache-path /Users/chenliangyu/Library/Developer/Xcode/DerivedData/ModuleCache.noindex -serialize-diagnostics -emit-dependencies -emit-module -emit-module-path /Users/chenliangyu/Library/Developer/Xcode/DerivedData/BooksBrowser-dlrvnwnsktodgveyejdjreelllgw/Build/Intermediates.noindex/BooksBrowser.build/Debug-iphonesimulator/BooksBrowser.build/Objects-normal/arm64/BooksBrowser.swiftmodule -validate-clang-modules-once -clang-build-session-file /Users/chenliangyu/Library/Developer/Xcode/DerivedData/ModuleCache.noindex/Session.modulevalidation -Xcc -I/Users/chenliangyu/Library/Developer/Xcode/DerivedData/BooksBrowser-dlrvnwnsktodgveyejdjreelllgw/Build/Intermediates.noindex/BooksBrowser.build/Debug-iphonesimulator/BooksBrowser.build/swift-overrides.hmap -emit-const-values -Xfrontend -const-gather-protocols-file -Xfrontend /Users/chenliangyu/Library/Developer/Xcode/DerivedData/BooksBrowser-dlrvnwnsktodgveyejdjreelllgw/Build/Intermediates.noindex/BooksBrowser.build/Debug-iphonesimulator/BooksBrowser.build/Objects-normal/arm64/BooksBrowser_const_extract_protocols.json -Xcc -iquote -Xcc /Users/chenliangyu/Library/Developer/Xcode/DerivedData/BooksBrowser-dlrvnwnsktodgveyejdjreelllgw/Build/Intermediates.noindex/BooksBrowser.build/Debug-iphonesimulator/BooksBrowser.build/BooksBrowser-generated-files.hmap -Xcc -I/Users/chenliangyu/Library/Developer/Xcode/DerivedData/BooksBrowser-dlrvnwnsktodgveyejdjreelllgw/Build/Intermediates.noindex/BooksBrowser.build/Debug-iphonesimulator/BooksBrowser.build/BooksBrowser-own-target-headers.hmap -Xcc -I/Users/chenliangyu/Library/Developer/Xcode/DerivedData/BooksBrowser-dlrvnwnsktodgveyejdjreelllgw/Build/Intermediates.noindex/BooksBrowser.build/Debug-iphonesimulator/BooksBrowser.build/BooksBrowser-all-non-framework-target-headers.hmap -Xcc -ivfsoverlay -Xcc /Users/chenliangyu/Library/Developer/Xcode/DerivedData/BooksBrowser-dlrvnwnsktodgveyejdjreelllgw/Build/Intermediates.noindex/BooksBrowser.build/Debug-iphonesimulator/BooksBrowser-4ffbb5777bd044cac22ff332985463c8-VFS-iphonesimulator/all-product-headers.yaml -Xcc -iquote -Xcc /Users/chenliangyu/Library/Developer/Xcode/DerivedData/BooksBrowser-dlrvnwnsktodgveyejdjreelllgw/Build/Intermediates.noindex/BooksBrowser.build/Debug-iphonesimulator/BooksBrowser.build/BooksBrowser-project-headers.hmap -Xcc -I/Users/chenliangyu/Library/Developer/Xcode/DerivedData/BooksBrowser-dlrvnwnsktodgveyejdjreelllgw/SourcePackages/checkouts/swift-atomics/Sources/_AtomicsShims/include -Xcc -I/Users/chenliangyu/Library/Developer/Xcode/DerivedData/BooksBrowser-dlrvnwnsktodgveyejdjreelllgw/SourcePackages/checkouts/Zip/Zip/minizip/include -Xcc -I/Users/chenliangyu/Library/Developer/Xcode/DerivedData/BooksBrowser-dlrvnwnsktodgveyejdjreelllgw/SourcePackages/checkouts/GCDWebServer/GCDWebServer/include -Xcc -I/Users/chenliangyu/Library/Developer/Xcode/DerivedData/BooksBrowser-dlrvnwnsktodgveyejdjreelllgw/Build/Products/Debug-iphonesimulator/include -Xcc -I/Users/chenliangyu/Library/Developer/Xcode/DerivedData/BooksBrowser-dlrvnwnsktodgveyejdjreelllgw/Build/Intermediates.noindex/BooksBrowser.build/Debug-iphonesimulator/BooksBrowser.build/DerivedSources-normal/arm64 -Xcc -I/Users/chenliangyu/Library/Developer/Xcode/DerivedData/BooksBrowser-dlrvnwnsktodgveyejdjreelllgw/Build/Intermediates.noindex/BooksBrowser.build/Debug-iphonesimulator/BooksBrowser.build/DerivedSources/arm64 -Xcc -I/Users/chenliangyu/Library/Developer/Xcode/DerivedData/BooksBrowser-dlrvnwnsktodgveyejdjreelllgw/Build/Intermediates.noindex/BooksBrowser.build/Debug-iphonesimulator/BooksBrowser.build/DerivedSources -Xcc -DDEBUG\=1 -emit-objc-header -emit-objc-header-path /Users/chenliangyu/Library/Developer/Xcode/DerivedData/BooksBrowser-dlrvnwnsktodgveyejdjreelllgw/Build/Intermediates.noindex/BooksBrowser.build/Debug-iphonesimulator/BooksBrowser.build/Objects-normal/arm64/BooksBrowser-Swift.h -working-directory /Users/chenliangyu/Desktop/Development/BooksBrowserWorkspace/booksbrowser_ios -experimental-emit-module-separately -disable-cmo

RegisterExecutionPolicyException /Users/chenliangyu/Library/Developer/Xcode/DerivedData/BooksBrowser-dlrvnwnsktodgveyejdjreelllgw/Build/Products/Debug-iphonesimulator/_AtomicsShims.o (in target '_AtomicsShims' from project 'swift-atomics')
    cd /Users/chenliangyu/Library/Developer/Xcode/DerivedData/BooksBrowser-dlrvnwnsktodgveyejdjreelllgw/SourcePackages/checkouts/swift-atomics
    builtin-RegisterExecutionPolicyException /Users/chenliangyu/Library/Developer/Xcode/DerivedData/BooksBrowser-dlrvnwnsktodgveyejdjreelllgw/Build/Products/Debug-iphonesimulator/_AtomicsShims.o

ExtractAppIntentsMetadata (in target 'ReadiumInternal' from project 'Readium')
    cd /Users/chenliangyu/Library/Developer/Xcode/DerivedData/BooksBrowser-dlrvnwnsktodgveyejdjreelllgw/SourcePackages/checkouts/swift-toolkit
    /Applications/Xcode.app/Contents/Developer/Toolchains/XcodeDefault.xctoolchain/usr/bin/appintentsmetadataprocessor --toolchain-dir /Applications/Xcode.app/Contents/Developer/Toolchains/XcodeDefault.xctoolchain --module-name ReadiumInternal --sdk-root /Applications/Xcode.app/Contents/Developer/Platforms/iPhoneSimulator.platform/Developer/SDKs/iPhoneSimulator26.2.sdk --xcode-version 17C52 --platform-family iOS --deployment-target 15.0 --bundle-identifier swift-toolkit.ReadiumInternal --output /Users/chenliangyu/Library/Developer/Xcode/DerivedData/BooksBrowser-dlrvnwnsktodgveyejdjreelllgw/Build/Products/Debug-iphonesimulator/ReadiumInternal.appintents --target-triple arm64-apple-ios15.0-simulator --binary-file /Users/chenliangyu/Library/Developer/Xcode/DerivedData/BooksBrowser-dlrvnwnsktodgveyejdjreelllgw/Build/Products/Debug-iphonesimulator/ReadiumInternal.o --dependency-file /Users/chenliangyu/Library/Developer/Xcode/DerivedData/BooksBrowser-dlrvnwnsktodgveyejdjreelllgw/Build/Intermediates.noindex/Readium.build/Debug-iphonesimulator/ReadiumInternal.build/Objects-normal/arm64/ReadiumInternal_dependency_info.dat --stringsdata-file /Users/chenliangyu/Library/Developer/Xcode/DerivedData/BooksBrowser-dlrvnwnsktodgveyejdjreelllgw/Build/Intermediates.noindex/Readium.build/Debug-iphonesimulator/ReadiumInternal.build/Objects-normal/arm64/ExtractedAppShortcutsMetadata.stringsdata --source-file-list /Users/chenliangyu/Library/Developer/Xcode/DerivedData/BooksBrowser-dlrvnwnsktodgveyejdjreelllgw/Build/Intermediates.noindex/Readium.build/Debug-iphonesimulator/ReadiumInternal.build/Objects-normal/arm64/ReadiumInternal.SwiftFileList --metadata-file-list /Users/chenliangyu/Library/Developer/Xcode/DerivedData/BooksBrowser-dlrvnwnsktodgveyejdjreelllgw/Build/Intermediates.noindex/Readium.build/Debug-iphonesimulator/ReadiumInternal.build/ReadiumInternal.DependencyMetadataFileList --static-metadata-file-list /Users/chenliangyu/Library/Developer/Xcode/DerivedData/BooksBrowser-dlrvnwnsktodgveyejdjreelllgw/Build/Intermediates.noindex/Readium.build/Debug-iphonesimulator/ReadiumInternal.build/ReadiumInternal.DependencyStaticMetadataFileList --swift-const-vals-list /Users/chenliangyu/Library/Developer/Xcode/DerivedData/BooksBrowser-dlrvnwnsktodgveyejdjreelllgw/Build/Intermediates.noindex/Readium.build/Debug-iphonesimulator/ReadiumInternal.build/Objects-normal/arm64/ReadiumInternal.SwiftConstValuesFileList --force --compile-time-extraction --deployment-aware-processing --validate-assistant-intents --no-app-shortcuts-localization
2026-02-27 12:11:01.433 appintentsmetadataprocessor[43478:24378506] Starting appintentsmetadataprocessor export
2026-02-27 12:11:01.576 appintentsmetadataprocessor[43478:24378506] Extracted no relevant App Intents symbols, skipping writing output

ExtractAppIntentsMetadata (in target 'ReadiumFuzi' from project 'ReadiumFuzi')
    cd /Users/chenliangyu/Library/Developer/Xcode/DerivedData/BooksBrowser-dlrvnwnsktodgveyejdjreelllgw/SourcePackages/checkouts/Fuzi
    /Applications/Xcode.app/Contents/Developer/Toolchains/XcodeDefault.xctoolchain/usr/bin/appintentsmetadataprocessor --toolchain-dir /Applications/Xcode.app/Contents/Developer/Toolchains/XcodeDefault.xctoolchain --module-name ReadiumFuzi --sdk-root /Applications/Xcode.app/Contents/Developer/Platforms/iPhoneSimulator.platform/Developer/SDKs/iPhoneSimulator26.2.sdk --xcode-version 17C52 --platform-family iOS --deployment-target 12.0 --bundle-identifier fuzi.ReadiumFuzi --output /Users/chenliangyu/Library/Developer/Xcode/DerivedData/BooksBrowser-dlrvnwnsktodgveyejdjreelllgw/Build/Products/Debug-iphonesimulator/ReadiumFuzi.appintents --target-triple arm64-apple-ios12.0-simulator --binary-file /Users/chenliangyu/Library/Developer/Xcode/DerivedData/BooksBrowser-dlrvnwnsktodgveyejdjreelllgw/Build/Products/Debug-iphonesimulator/ReadiumFuzi.o --dependency-file /Users/chenliangyu/Library/Developer/Xcode/DerivedData/BooksBrowser-dlrvnwnsktodgveyejdjreelllgw/Build/Intermediates.noindex/ReadiumFuzi.build/Debug-iphonesimulator/ReadiumFuzi.build/Objects-normal/arm64/ReadiumFuzi_dependency_info.dat --stringsdata-file /Users/chenliangyu/Library/Developer/Xcode/DerivedData/BooksBrowser-dlrvnwnsktodgveyejdjreelllgw/Build/Intermediates.noindex/ReadiumFuzi.build/Debug-iphonesimulator/ReadiumFuzi.build/Objects-normal/arm64/ExtractedAppShortcutsMetadata.stringsdata --source-file-list /Users/chenliangyu/Library/Developer/Xcode/DerivedData/BooksBrowser-dlrvnwnsktodgveyejdjreelllgw/Build/Intermediates.noindex/ReadiumFuzi.build/Debug-iphonesimulator/ReadiumFuzi.build/Objects-normal/arm64/ReadiumFuzi.SwiftFileList --metadata-file-list /Users/chenliangyu/Library/Developer/Xcode/DerivedData/BooksBrowser-dlrvnwnsktodgveyejdjreelllgw/Build/Intermediates.noindex/ReadiumFuzi.build/Debug-iphonesimulator/ReadiumFuzi.build/ReadiumFuzi.DependencyMetadataFileList --static-metadata-file-list /Users/chenliangyu/Library/Developer/Xcode/DerivedData/BooksBrowser-dlrvnwnsktodgveyejdjreelllgw/Build/Intermediates.noindex/ReadiumFuzi.build/Debug-iphonesimulator/ReadiumFuzi.build/ReadiumFuzi.DependencyStaticMetadataFileList --swift-const-vals-list /Users/chenliangyu/Library/Developer/Xcode/DerivedData/BooksBrowser-dlrvnwnsktodgveyejdjreelllgw/Build/Intermediates.noindex/ReadiumFuzi.build/Debug-iphonesimulator/ReadiumFuzi.build/Objects-normal/arm64/ReadiumFuzi.SwiftConstValuesFileList --force --compile-time-extraction --deployment-aware-processing --validate-assistant-intents --no-app-shortcuts-localization
2026-02-27 12:11:01.433 appintentsmetadataprocessor[43479:24378508] Starting appintentsmetadataprocessor export
2026-02-27 12:11:01.580 appintentsmetadataprocessor[43479:24378508] Extracted no relevant App Intents symbols, skipping writing output

ExtractAppIntentsMetadata (in target 'LRUCache' from project 'LRUCache')
    cd /Users/chenliangyu/Library/Developer/Xcode/DerivedData/BooksBrowser-dlrvnwnsktodgveyejdjreelllgw/SourcePackages/checkouts/LRUCache
    /Applications/Xcode.app/Contents/Developer/Toolchains/XcodeDefault.xctoolchain/usr/bin/appintentsmetadataprocessor --toolchain-dir /Applications/Xcode.app/Contents/Developer/Toolchains/XcodeDefault.xctoolchain --module-name LRUCache --sdk-root /Applications/Xcode.app/Contents/Developer/Platforms/iPhoneSimulator.platform/Developer/SDKs/iPhoneSimulator26.2.sdk --xcode-version 17C52 --platform-family iOS --deployment-target 13.0 --bundle-identifier lrucache.LRUCache --output /Users/chenliangyu/Library/Developer/Xcode/DerivedData/BooksBrowser-dlrvnwnsktodgveyejdjreelllgw/Build/Products/Debug-iphonesimulator/LRUCache.appintents --target-triple arm64-apple-ios13.0-simulator --binary-file /Users/chenliangyu/Library/Developer/Xcode/DerivedData/BooksBrowser-dlrvnwnsktodgveyejdjreelllgw/Build/Products/Debug-iphonesimulator/LRUCache.o --dependency-file /Users/chenliangyu/Library/Developer/Xcode/DerivedData/BooksBrowser-dlrvnwnsktodgveyejdjreelllgw/Build/Intermediates.noindex/LRUCache.build/Debug-iphonesimulator/LRUCache.build/Objects-normal/arm64/LRUCache_dependency_info.dat --stringsdata-file /Users/chenliangyu/Library/Developer/Xcode/DerivedData/BooksBrowser-dlrvnwnsktodgveyejdjreelllgw/Build/Intermediates.noindex/LRUCache.build/Debug-iphonesimulator/LRUCache.build/Objects-normal/arm64/ExtractedAppShortcutsMetadata.stringsdata --source-file-list /Users/chenliangyu/Library/Developer/Xcode/DerivedData/BooksBrowser-dlrvnwnsktodgveyejdjreelllgw/Build/Intermediates.noindex/LRUCache.build/Debug-iphonesimulator/LRUCache.build/Objects-normal/arm64/LRUCache.SwiftFileList --metadata-file-list /Users/chenliangyu/Library/Developer/Xcode/DerivedData/BooksBrowser-dlrvnwnsktodgveyejdjreelllgw/Build/Intermediates.noindex/LRUCache.build/Debug-iphonesimulator/LRUCache.build/LRUCache.DependencyMetadataFileList --static-metadata-file-list /Users/chenliangyu/Library/Developer/Xcode/DerivedData/BooksBrowser-dlrvnwnsktodgveyejdjreelllgw/Build/Intermediates.noindex/LRUCache.build/Debug-iphonesimulator/LRUCache.build/LRUCache.DependencyStaticMetadataFileList --swift-const-vals-list /Users/chenliangyu/Library/Developer/Xcode/DerivedData/BooksBrowser-dlrvnwnsktodgveyejdjreelllgw/Build/Intermediates.noindex/LRUCache.build/Debug-iphonesimulator/LRUCache.build/Objects-normal/arm64/LRUCache.SwiftConstValuesFileList --force --compile-time-extraction --deployment-aware-processing --validate-assistant-intents --no-app-shortcuts-localization
2026-02-27 12:11:01.433 appintentsmetadataprocessor[43480:24378510] Starting appintentsmetadataprocessor export
2026-02-27 12:11:01.586 appintentsmetadataprocessor[43480:24378510] Extracted no relevant App Intents symbols, skipping writing output

ExtractAppIntentsMetadata (in target 'DifferenceKit' from project 'DifferenceKit')
    cd /Users/chenliangyu/Library/Developer/Xcode/DerivedData/BooksBrowser-dlrvnwnsktodgveyejdjreelllgw/SourcePackages/checkouts/DifferenceKit
    /Applications/Xcode.app/Contents/Developer/Toolchains/XcodeDefault.xctoolchain/usr/bin/appintentsmetadataprocessor --toolchain-dir /Applications/Xcode.app/Contents/Developer/Toolchains/XcodeDefault.xctoolchain --module-name DifferenceKit --sdk-root /Applications/Xcode.app/Contents/Developer/Platforms/iPhoneSimulator.platform/Developer/SDKs/iPhoneSimulator26.2.sdk --xcode-version 17C52 --platform-family iOS --deployment-target 12.0 --bundle-identifier differencekit.DifferenceKit --output /Users/chenliangyu/Library/Developer/Xcode/DerivedData/BooksBrowser-dlrvnwnsktodgveyejdjreelllgw/Build/Products/Debug-iphonesimulator/DifferenceKit.appintents --target-triple arm64-apple-ios12.0-simulator --binary-file /Users/chenliangyu/Library/Developer/Xcode/DerivedData/BooksBrowser-dlrvnwnsktodgveyejdjreelllgw/Build/Products/Debug-iphonesimulator/DifferenceKit.o --dependency-file /Users/chenliangyu/Library/Developer/Xcode/DerivedData/BooksBrowser-dlrvnwnsktodgveyejdjreelllgw/Build/Intermediates.noindex/DifferenceKit.build/Debug-iphonesimulator/DifferenceKit.build/Objects-normal/arm64/DifferenceKit_dependency_info.dat --stringsdata-file /Users/chenliangyu/Library/Developer/Xcode/DerivedData/BooksBrowser-dlrvnwnsktodgveyejdjreelllgw/Build/Intermediates.noindex/DifferenceKit.build/Debug-iphonesimulator/DifferenceKit.build/Objects-normal/arm64/ExtractedAppShortcutsMetadata.stringsdata --source-file-list /Users/chenliangyu/Library/Developer/Xcode/DerivedData/BooksBrowser-dlrvnwnsktodgveyejdjreelllgw/Build/Intermediates.noindex/DifferenceKit.build/Debug-iphonesimulator/DifferenceKit.build/Objects-normal/arm64/DifferenceKit.SwiftFileList --metadata-file-list /Users/chenliangyu/Library/Developer/Xcode/DerivedData/BooksBrowser-dlrvnwnsktodgveyejdjreelllgw/Build/Intermediates.noindex/DifferenceKit.build/Debug-iphonesimulator/DifferenceKit.build/DifferenceKit.DependencyMetadataFileList --static-metadata-file-list /Users/chenliangyu/Library/Developer/Xcode/DerivedData/BooksBrowser-dlrvnwnsktodgveyejdjreelllgw/Build/Intermediates.noindex/DifferenceKit.build/Debug-iphonesimulator/DifferenceKit.build/DifferenceKit.DependencyStaticMetadataFileList --swift-const-vals-list /Users/chenliangyu/Library/Developer/Xcode/DerivedData/BooksBrowser-dlrvnwnsktodgveyejdjreelllgw/Build/Intermediates.noindex/DifferenceKit.build/Debug-iphonesimulator/DifferenceKit.build/Objects-normal/arm64/DifferenceKit.SwiftConstValuesFileList --force --compile-time-extraction --deployment-aware-processing --validate-assistant-intents --no-app-shortcuts-localization
2026-02-27 12:11:01.433 appintentsmetadataprocessor[43481:24378511] Starting appintentsmetadataprocessor export
2026-02-27 12:11:01.594 appintentsmetadataprocessor[43481:24378511] Extracted no relevant App Intents symbols, skipping writing output

RegisterExecutionPolicyException /Users/chenliangyu/Library/Developer/Xcode/DerivedData/BooksBrowser-dlrvnwnsktodgveyejdjreelllgw/Build/Products/Debug-iphonesimulator/Minizip.o (in target 'Minizip' from project 'Zip')
    cd /Users/chenliangyu/Library/Developer/Xcode/DerivedData/BooksBrowser-dlrvnwnsktodgveyejdjreelllgw/SourcePackages/checkouts/Zip
    builtin-RegisterExecutionPolicyException /Users/chenliangyu/Library/Developer/Xcode/DerivedData/BooksBrowser-dlrvnwnsktodgveyejdjreelllgw/Build/Products/Debug-iphonesimulator/Minizip.o

RegisterExecutionPolicyException /Users/chenliangyu/Library/Developer/Xcode/DerivedData/BooksBrowser-dlrvnwnsktodgveyejdjreelllgw/Build/Products/Debug-iphonesimulator/ReadiumGCDWebServer.o (in target 'ReadiumGCDWebServer' from project 'GCDWebServer')
    cd /Users/chenliangyu/Library/Developer/Xcode/DerivedData/BooksBrowser-dlrvnwnsktodgveyejdjreelllgw/SourcePackages/checkouts/GCDWebServer
    builtin-RegisterExecutionPolicyException /Users/chenliangyu/Library/Developer/Xcode/DerivedData/BooksBrowser-dlrvnwnsktodgveyejdjreelllgw/Build/Products/Debug-iphonesimulator/ReadiumGCDWebServer.o

ExtractAppIntentsMetadata (in target 'ReadiumZIPFoundation' from project 'ReadiumZIPFoundation')
    cd /Users/chenliangyu/Library/Developer/Xcode/DerivedData/BooksBrowser-dlrvnwnsktodgveyejdjreelllgw/SourcePackages/checkouts/ZIPFoundation
    /Applications/Xcode.app/Contents/Developer/Toolchains/XcodeDefault.xctoolchain/usr/bin/appintentsmetadataprocessor --toolchain-dir /Applications/Xcode.app/Contents/Developer/Toolchains/XcodeDefault.xctoolchain --module-name ReadiumZIPFoundation --sdk-root /Applications/Xcode.app/Contents/Developer/Platforms/iPhoneSimulator.platform/Developer/SDKs/iPhoneSimulator26.2.sdk --xcode-version 17C52 --platform-family iOS --deployment-target 13.0 --bundle-identifier zipfoundation.ReadiumZIPFoundation --output /Users/chenliangyu/Library/Developer/Xcode/DerivedData/BooksBrowser-dlrvnwnsktodgveyejdjreelllgw/Build/Products/Debug-iphonesimulator/ReadiumZIPFoundation.appintents --target-triple arm64-apple-ios13.0-simulator --binary-file /Users/chenliangyu/Library/Developer/Xcode/DerivedData/BooksBrowser-dlrvnwnsktodgveyejdjreelllgw/Build/Products/Debug-iphonesimulator/ReadiumZIPFoundation.o --dependency-file /Users/chenliangyu/Library/Developer/Xcode/DerivedData/BooksBrowser-dlrvnwnsktodgveyejdjreelllgw/Build/Intermediates.noindex/ReadiumZIPFoundation.build/Debug-iphonesimulator/ReadiumZIPFoundation.build/Objects-normal/arm64/ReadiumZIPFoundation_dependency_info.dat --stringsdata-file /Users/chenliangyu/Library/Developer/Xcode/DerivedData/BooksBrowser-dlrvnwnsktodgveyejdjreelllgw/Build/Intermediates.noindex/ReadiumZIPFoundation.build/Debug-iphonesimulator/ReadiumZIPFoundation.build/Objects-normal/arm64/ExtractedAppShortcutsMetadata.stringsdata --source-file-list /Users/chenliangyu/Library/Developer/Xcode/DerivedData/BooksBrowser-dlrvnwnsktodgveyejdjreelllgw/Build/Intermediates.noindex/ReadiumZIPFoundation.build/Debug-iphonesimulator/ReadiumZIPFoundation.build/Objects-normal/arm64/ReadiumZIPFoundation.SwiftFileList --metadata-file-list /Users/chenliangyu/Library/Developer/Xcode/DerivedData/BooksBrowser-dlrvnwnsktodgveyejdjreelllgw/Build/Intermediates.noindex/ReadiumZIPFoundation.build/Debug-iphonesimulator/ReadiumZIPFoundation.build/ReadiumZIPFoundation.DependencyMetadataFileList --static-metadata-file-list /Users/chenliangyu/Library/Developer/Xcode/DerivedData/BooksBrowser-dlrvnwnsktodgveyejdjreelllgw/Build/Intermediates.noindex/ReadiumZIPFoundation.build/Debug-iphonesimulator/ReadiumZIPFoundation.build/ReadiumZIPFoundation.DependencyStaticMetadataFileList --swift-const-vals-list /Users/chenliangyu/Library/Developer/Xcode/DerivedData/BooksBrowser-dlrvnwnsktodgveyejdjreelllgw/Build/Intermediates.noindex/ReadiumZIPFoundation.build/Debug-iphonesimulator/ReadiumZIPFoundation.build/Objects-normal/arm64/ReadiumZIPFoundation.SwiftConstValuesFileList --force --compile-time-extraction --deployment-aware-processing --validate-assistant-intents --no-app-shortcuts-localization
2026-02-27 12:11:01.433 appintentsmetadataprocessor[43482:24378512] Starting appintentsmetadataprocessor export
2026-02-27 12:11:01.597 appintentsmetadataprocessor[43482:24378512] Extracted no relevant App Intents symbols, skipping writing output

Ld /Users/chenliangyu/Library/Developer/Xcode/DerivedData/BooksBrowser-dlrvnwnsktodgveyejdjreelllgw/Build/Products/Debug-iphonesimulator/Atomics.o normal (in target 'Atomics' from project 'swift-atomics')
    cd /Users/chenliangyu/Library/Developer/Xcode/DerivedData/BooksBrowser-dlrvnwnsktodgveyejdjreelllgw/SourcePackages/checkouts/swift-atomics
    /Applications/Xcode.app/Contents/Developer/Toolchains/XcodeDefault.xctoolchain/usr/bin/clang -Xlinker -reproducible -target arm64-apple-ios12.0-simulator -r -isysroot /Applications/Xcode.app/Contents/Developer/Platforms/iPhoneSimulator.platform/Developer/SDKs/iPhoneSimulator26.2.sdk -O0 -w -L/Users/chenliangyu/Library/Developer/Xcode/DerivedData/BooksBrowser-dlrvnwnsktodgveyejdjreelllgw/Build/Intermediates.noindex/EagerLinkingTBDs/Debug-iphonesimulator -L/Users/chenliangyu/Library/Developer/Xcode/DerivedData/BooksBrowser-dlrvnwnsktodgveyejdjreelllgw/Build/Products/Debug-iphonesimulator -L/Applications/Xcode.app/Contents/Developer/Platforms/iPhoneSimulator.platform/Developer/usr/lib -F/Users/chenliangyu/Library/Developer/Xcode/DerivedData/BooksBrowser-dlrvnwnsktodgveyejdjreelllgw/Build/Intermediates.noindex/EagerLinkingTBDs/Debug-iphonesimulator -F/Users/chenliangyu/Library/Developer/Xcode/DerivedData/BooksBrowser-dlrvnwnsktodgveyejdjreelllgw/Build/Products/Debug-iphonesimulator/PackageFrameworks -F/Users/chenliangyu/Library/Developer/Xcode/DerivedData/BooksBrowser-dlrvnwnsktodgveyejdjreelllgw/Build/Products/Debug-iphonesimulator -iframework /Applications/Xcode.app/Contents/Developer/Platforms/iPhoneSimulator.platform/Developer/Library/Frameworks -iframework /Applications/Xcode.app/Contents/Developer/Platforms/iPhoneSimulator.platform/Developer/SDKs/iPhoneSimulator26.2.sdk/Developer/Library/Frameworks -filelist /Users/chenliangyu/Library/Developer/Xcode/DerivedData/BooksBrowser-dlrvnwnsktodgveyejdjreelllgw/Build/Intermediates.noindex/swift-atomics.build/Debug-iphonesimulator/Atomics.build/Objects-normal/arm64/Atomics.LinkFileList -nostdlib -Xlinker -object_path_lto -Xlinker /Users/chenliangyu/Library/Developer/Xcode/DerivedData/BooksBrowser-dlrvnwnsktodgveyejdjreelllgw/Build/Intermediates.noindex/swift-atomics.build/Debug-iphonesimulator/Atomics.build/Objects-normal/arm64/Atomics_lto.o -rdynamic -Xlinker -no_deduplicate -Xlinker -objc_abi_version -Xlinker 2 -Xlinker -debug_variant -Xlinker -dependency_info -Xlinker /Users/chenliangyu/Library/Developer/Xcode/DerivedData/BooksBrowser-dlrvnwnsktodgveyejdjreelllgw/Build/Intermediates.noindex/swift-atomics.build/Debug-iphonesimulator/Atomics.build/Objects-normal/arm64/Atomics_dependency_info.dat -fobjc-link-runtime -L/Applications/Xcode.app/Contents/Developer/Toolchains/XcodeDefault.xctoolchain/usr/lib/swift/iphonesimulator -L/usr/lib/swift -Xlinker -add_ast_path -Xlinker /Users/chenliangyu/Library/Developer/Xcode/DerivedData/BooksBrowser-dlrvnwnsktodgveyejdjreelllgw/Build/Intermediates.noindex/swift-atomics.build/Debug-iphonesimulator/Atomics.build/Objects-normal/arm64/Atomics.swiftmodule @/Users/chenliangyu/Library/Developer/Xcode/DerivedData/BooksBrowser-dlrvnwnsktodgveyejdjreelllgw/Build/Intermediates.noindex/swift-atomics.build/Debug-iphonesimulator/Atomics.build/Objects-normal/arm64/Atomics-linker-args.resp -o /Users/chenliangyu/Library/Developer/Xcode/DerivedData/BooksBrowser-dlrvnwnsktodgveyejdjreelllgw/Build/Products/Debug-iphonesimulator/Atomics.o

Ld /Users/chenliangyu/Library/Developer/Xcode/DerivedData/BooksBrowser-dlrvnwnsktodgveyejdjreelllgw/Build/Products/Debug-iphonesimulator/Zip.o normal (in target 'Zip' from project 'Zip')
    cd /Users/chenliangyu/Library/Developer/Xcode/DerivedData/BooksBrowser-dlrvnwnsktodgveyejdjreelllgw/SourcePackages/checkouts/Zip
    /Applications/Xcode.app/Contents/Developer/Toolchains/XcodeDefault.xctoolchain/usr/bin/clang -Xlinker -reproducible -target arm64-apple-ios12.0-simulator -r -isysroot /Applications/Xcode.app/Contents/Developer/Platforms/iPhoneSimulator.platform/Developer/SDKs/iPhoneSimulator26.2.sdk -O0 -w -L/Users/chenliangyu/Library/Developer/Xcode/DerivedData/BooksBrowser-dlrvnwnsktodgveyejdjreelllgw/Build/Intermediates.noindex/EagerLinkingTBDs/Debug-iphonesimulator -L/Users/chenliangyu/Library/Developer/Xcode/DerivedData/BooksBrowser-dlrvnwnsktodgveyejdjreelllgw/Build/Products/Debug-iphonesimulator -L/Applications/Xcode.app/Contents/Developer/Platforms/iPhoneSimulator.platform/Developer/usr/lib -F/Users/chenliangyu/Library/Developer/Xcode/DerivedData/BooksBrowser-dlrvnwnsktodgveyejdjreelllgw/Build/Intermediates.noindex/EagerLinkingTBDs/Debug-iphonesimulator -F/Users/chenliangyu/Library/Developer/Xcode/DerivedData/BooksBrowser-dlrvnwnsktodgveyejdjreelllgw/Build/Products/Debug-iphonesimulator/PackageFrameworks -F/Users/chenliangyu/Library/Developer/Xcode/DerivedData/BooksBrowser-dlrvnwnsktodgveyejdjreelllgw/Build/Products/Debug-iphonesimulator -iframework /Applications/Xcode.app/Contents/Developer/Platforms/iPhoneSimulator.platform/Developer/Library/Frameworks -iframework /Applications/Xcode.app/Contents/Developer/Platforms/iPhoneSimulator.platform/Developer/SDKs/iPhoneSimulator26.2.sdk/Developer/Library/Frameworks -filelist /Users/chenliangyu/Library/Developer/Xcode/DerivedData/BooksBrowser-dlrvnwnsktodgveyejdjreelllgw/Build/Intermediates.noindex/Zip.build/Debug-iphonesimulator/Zip.build/Objects-normal/arm64/Zip.LinkFileList -nostdlib -Xlinker -object_path_lto -Xlinker /Users/chenliangyu/Library/Developer/Xcode/DerivedData/BooksBrowser-dlrvnwnsktodgveyejdjreelllgw/Build/Intermediates.noindex/Zip.build/Debug-iphonesimulator/Zip.build/Objects-normal/arm64/Zip_lto.o -rdynamic -Xlinker -no_deduplicate -Xlinker -objc_abi_version -Xlinker 2 -Xlinker -debug_variant -Xlinker -dependency_info -Xlinker /Users/chenliangyu/Library/Developer/Xcode/DerivedData/BooksBrowser-dlrvnwnsktodgveyejdjreelllgw/Build/Intermediates.noindex/Zip.build/Debug-iphonesimulator/Zip.build/Objects-normal/arm64/Zip_dependency_info.dat -fobjc-link-runtime -L/Applications/Xcode.app/Contents/Developer/Toolchains/XcodeDefault.xctoolchain/usr/lib/swift/iphonesimulator -L/usr/lib/swift -Xlinker -add_ast_path -Xlinker /Users/chenliangyu/Library/Developer/Xcode/DerivedData/BooksBrowser-dlrvnwnsktodgveyejdjreelllgw/Build/Intermediates.noindex/Zip.build/Debug-iphonesimulator/Zip.build/Objects-normal/arm64/Zip.swiftmodule @/Users/chenliangyu/Library/Developer/Xcode/DerivedData/BooksBrowser-dlrvnwnsktodgveyejdjreelllgw/Build/Intermediates.noindex/Zip.build/Debug-iphonesimulator/Zip.build/Objects-normal/arm64/Zip-linker-args.resp -o /Users/chenliangyu/Library/Developer/Xcode/DerivedData/BooksBrowser-dlrvnwnsktodgveyejdjreelllgw/Build/Products/Debug-iphonesimulator/Zip.o

ExtractAppIntentsMetadata (in target 'CryptoSwift' from project 'CryptoSwift')
    cd /Users/chenliangyu/Library/Developer/Xcode/DerivedData/BooksBrowser-dlrvnwnsktodgveyejdjreelllgw/SourcePackages/checkouts/CryptoSwift
    /Applications/Xcode.app/Contents/Developer/Toolchains/XcodeDefault.xctoolchain/usr/bin/appintentsmetadataprocessor --toolchain-dir /Applications/Xcode.app/Contents/Developer/Toolchains/XcodeDefault.xctoolchain --module-name CryptoSwift --sdk-root /Applications/Xcode.app/Contents/Developer/Platforms/iPhoneSimulator.platform/Developer/SDKs/iPhoneSimulator26.2.sdk --xcode-version 17C52 --platform-family iOS --deployment-target 12.0 --bundle-identifier cryptoswift.CryptoSwift --output /Users/chenliangyu/Library/Developer/Xcode/DerivedData/BooksBrowser-dlrvnwnsktodgveyejdjreelllgw/Build/Products/Debug-iphonesimulator/CryptoSwift.appintents --target-triple arm64-apple-ios12.0-simulator --binary-file /Users/chenliangyu/Library/Developer/Xcode/DerivedData/BooksBrowser-dlrvnwnsktodgveyejdjreelllgw/Build/Products/Debug-iphonesimulator/CryptoSwift.o --dependency-file /Users/chenliangyu/Library/Developer/Xcode/DerivedData/BooksBrowser-dlrvnwnsktodgveyejdjreelllgw/Build/Intermediates.noindex/CryptoSwift.build/Debug-iphonesimulator/CryptoSwift.build/Objects-normal/arm64/CryptoSwift_dependency_info.dat --stringsdata-file /Users/chenliangyu/Library/Developer/Xcode/DerivedData/BooksBrowser-dlrvnwnsktodgveyejdjreelllgw/Build/Intermediates.noindex/CryptoSwift.build/Debug-iphonesimulator/CryptoSwift.build/Objects-normal/arm64/ExtractedAppShortcutsMetadata.stringsdata --source-file-list /Users/chenliangyu/Library/Developer/Xcode/DerivedData/BooksBrowser-dlrvnwnsktodgveyejdjreelllgw/Build/Intermediates.noindex/CryptoSwift.build/Debug-iphonesimulator/CryptoSwift.build/Objects-normal/arm64/CryptoSwift.SwiftFileList --metadata-file-list /Users/chenliangyu/Library/Developer/Xcode/DerivedData/BooksBrowser-dlrvnwnsktodgveyejdjreelllgw/Build/Intermediates.noindex/CryptoSwift.build/Debug-iphonesimulator/CryptoSwift.build/CryptoSwift.DependencyMetadataFileList --static-metadata-file-list /Users/chenliangyu/Library/Developer/Xcode/DerivedData/BooksBrowser-dlrvnwnsktodgveyejdjreelllgw/Build/Intermediates.noindex/CryptoSwift.build/Debug-iphonesimulator/CryptoSwift.build/CryptoSwift.DependencyStaticMetadataFileList --swift-const-vals-list /Users/chenliangyu/Library/Developer/Xcode/DerivedData/BooksBrowser-dlrvnwnsktodgveyejdjreelllgw/Build/Intermediates.noindex/CryptoSwift.build/Debug-iphonesimulator/CryptoSwift.build/Objects-normal/arm64/CryptoSwift.SwiftConstValuesFileList --force --compile-time-extraction --deployment-aware-processing --validate-assistant-intents --no-app-shortcuts-localization
2026-02-27 12:11:01.433 appintentsmetadataprocessor[43487:24378521] Starting appintentsmetadataprocessor export
2026-02-27 12:11:01.597 appintentsmetadataprocessor[43487:24378521] Extracted no relevant App Intents symbols, skipping writing output

ExtractAppIntentsMetadata (in target 'Atomics' from project 'swift-atomics')
    cd /Users/chenliangyu/Library/Developer/Xcode/DerivedData/BooksBrowser-dlrvnwnsktodgveyejdjreelllgw/SourcePackages/checkouts/swift-atomics
    /Applications/Xcode.app/Contents/Developer/Toolchains/XcodeDefault.xctoolchain/usr/bin/appintentsmetadataprocessor --toolchain-dir /Applications/Xcode.app/Contents/Developer/Toolchains/XcodeDefault.xctoolchain --module-name Atomics --sdk-root /Applications/Xcode.app/Contents/Developer/Platforms/iPhoneSimulator.platform/Developer/SDKs/iPhoneSimulator26.2.sdk --xcode-version 17C52 --platform-family iOS --deployment-target 12.0 --bundle-identifier swift-atomics.Atomics --output /Users/chenliangyu/Library/Developer/Xcode/DerivedData/BooksBrowser-dlrvnwnsktodgveyejdjreelllgw/Build/Products/Debug-iphonesimulator/Atomics.appintents --target-triple arm64-apple-ios12.0-simulator --binary-file /Users/chenliangyu/Library/Developer/Xcode/DerivedData/BooksBrowser-dlrvnwnsktodgveyejdjreelllgw/Build/Products/Debug-iphonesimulator/Atomics.o --dependency-file /Users/chenliangyu/Library/Developer/Xcode/DerivedData/BooksBrowser-dlrvnwnsktodgveyejdjreelllgw/Build/Intermediates.noindex/swift-atomics.build/Debug-iphonesimulator/Atomics.build/Objects-normal/arm64/Atomics_dependency_info.dat --stringsdata-file /Users/chenliangyu/Library/Developer/Xcode/DerivedData/BooksBrowser-dlrvnwnsktodgveyejdjreelllgw/Build/Intermediates.noindex/swift-atomics.build/Debug-iphonesimulator/Atomics.build/Objects-normal/arm64/ExtractedAppShortcutsMetadata.stringsdata --source-file-list /Users/chenliangyu/Library/Developer/Xcode/DerivedData/BooksBrowser-dlrvnwnsktodgveyejdjreelllgw/Build/Intermediates.noindex/swift-atomics.build/Debug-iphonesimulator/Atomics.build/Objects-normal/arm64/Atomics.SwiftFileList --metadata-file-list /Users/chenliangyu/Library/Developer/Xcode/DerivedData/BooksBrowser-dlrvnwnsktodgveyejdjreelllgw/Build/Intermediates.noindex/swift-atomics.build/Debug-iphonesimulator/Atomics.build/Atomics.DependencyMetadataFileList --static-metadata-file-list /Users/chenliangyu/Library/Developer/Xcode/DerivedData/BooksBrowser-dlrvnwnsktodgveyejdjreelllgw/Build/Intermediates.noindex/swift-atomics.build/Debug-iphonesimulator/Atomics.build/Atomics.DependencyStaticMetadataFileList --swift-const-vals-list /Users/chenliangyu/Library/Developer/Xcode/DerivedData/BooksBrowser-dlrvnwnsktodgveyejdjreelllgw/Build/Intermediates.noindex/swift-atomics.build/Debug-iphonesimulator/Atomics.build/Objects-normal/arm64/Atomics.SwiftConstValuesFileList --force --compile-time-extraction --deployment-aware-processing --validate-assistant-intents --no-app-shortcuts-localization
2026-02-27 12:11:01.449 appintentsmetadataprocessor[43489:24378538] Starting appintentsmetadataprocessor export
2026-02-27 12:11:01.607 appintentsmetadataprocessor[43489:24378538] Extracted no relevant App Intents symbols, skipping writing output

ExtractAppIntentsMetadata (in target 'Zip' from project 'Zip')
    cd /Users/chenliangyu/Library/Developer/Xcode/DerivedData/BooksBrowser-dlrvnwnsktodgveyejdjreelllgw/SourcePackages/checkouts/Zip
    /Applications/Xcode.app/Contents/Developer/Toolchains/XcodeDefault.xctoolchain/usr/bin/appintentsmetadataprocessor --toolchain-dir /Applications/Xcode.app/Contents/Developer/Toolchains/XcodeDefault.xctoolchain --module-name Zip --sdk-root /Applications/Xcode.app/Contents/Developer/Platforms/iPhoneSimulator.platform/Developer/SDKs/iPhoneSimulator26.2.sdk --xcode-version 17C52 --platform-family iOS --deployment-target 12.0 --bundle-identifier zip.Zip --output /Users/chenliangyu/Library/Developer/Xcode/DerivedData/BooksBrowser-dlrvnwnsktodgveyejdjreelllgw/Build/Products/Debug-iphonesimulator/Zip.appintents --target-triple arm64-apple-ios12.0-simulator --binary-file /Users/chenliangyu/Library/Developer/Xcode/DerivedData/BooksBrowser-dlrvnwnsktodgveyejdjreelllgw/Build/Products/Debug-iphonesimulator/Zip.o --dependency-file /Users/chenliangyu/Library/Developer/Xcode/DerivedData/BooksBrowser-dlrvnwnsktodgveyejdjreelllgw/Build/Intermediates.noindex/Zip.build/Debug-iphonesimulator/Zip.build/Objects-normal/arm64/Zip_dependency_info.dat --stringsdata-file /Users/chenliangyu/Library/Developer/Xcode/DerivedData/BooksBrowser-dlrvnwnsktodgveyejdjreelllgw/Build/Intermediates.noindex/Zip.build/Debug-iphonesimulator/Zip.build/Objects-normal/arm64/ExtractedAppShortcutsMetadata.stringsdata --source-file-list /Users/chenliangyu/Library/Developer/Xcode/DerivedData/BooksBrowser-dlrvnwnsktodgveyejdjreelllgw/Build/Intermediates.noindex/Zip.build/Debug-iphonesimulator/Zip.build/Objects-normal/arm64/Zip.SwiftFileList --metadata-file-list /Users/chenliangyu/Library/Developer/Xcode/DerivedData/BooksBrowser-dlrvnwnsktodgveyejdjreelllgw/Build/Intermediates.noindex/Zip.build/Debug-iphonesimulator/Zip.build/Zip.DependencyMetadataFileList --static-metadata-file-list /Users/chenliangyu/Library/Developer/Xcode/DerivedData/BooksBrowser-dlrvnwnsktodgveyejdjreelllgw/Build/Intermediates.noindex/Zip.build/Debug-iphonesimulator/Zip.build/Zip.DependencyStaticMetadataFileList --swift-const-vals-list /Users/chenliangyu/Library/Developer/Xcode/DerivedData/BooksBrowser-dlrvnwnsktodgveyejdjreelllgw/Build/Intermediates.noindex/Zip.build/Debug-iphonesimulator/Zip.build/Objects-normal/arm64/Zip.SwiftConstValuesFileList --force --compile-time-extraction --deployment-aware-processing --validate-assistant-intents --no-app-shortcuts-localization
2026-02-27 12:11:01.454 appintentsmetadataprocessor[43490:24378546] Starting appintentsmetadataprocessor export
2026-02-27 12:11:01.609 appintentsmetadataprocessor[43490:24378546] Extracted no relevant App Intents symbols, skipping writing output

RegisterExecutionPolicyException /Users/chenliangyu/Library/Developer/Xcode/DerivedData/BooksBrowser-dlrvnwnsktodgveyejdjreelllgw/Build/Products/Debug-iphonesimulator/ReadiumInternal.o (in target 'ReadiumInternal' from project 'Readium')
    cd /Users/chenliangyu/Library/Developer/Xcode/DerivedData/BooksBrowser-dlrvnwnsktodgveyejdjreelllgw/SourcePackages/checkouts/swift-toolkit
    builtin-RegisterExecutionPolicyException /Users/chenliangyu/Library/Developer/Xcode/DerivedData/BooksBrowser-dlrvnwnsktodgveyejdjreelllgw/Build/Products/Debug-iphonesimulator/ReadiumInternal.o

RegisterExecutionPolicyException /Users/chenliangyu/Library/Developer/Xcode/DerivedData/BooksBrowser-dlrvnwnsktodgveyejdjreelllgw/Build/Products/Debug-iphonesimulator/ReadiumFuzi.o (in target 'ReadiumFuzi' from project 'ReadiumFuzi')
    cd /Users/chenliangyu/Library/Developer/Xcode/DerivedData/BooksBrowser-dlrvnwnsktodgveyejdjreelllgw/SourcePackages/checkouts/Fuzi
    builtin-RegisterExecutionPolicyException /Users/chenliangyu/Library/Developer/Xcode/DerivedData/BooksBrowser-dlrvnwnsktodgveyejdjreelllgw/Build/Products/Debug-iphonesimulator/ReadiumFuzi.o

RegisterExecutionPolicyException /Users/chenliangyu/Library/Developer/Xcode/DerivedData/BooksBrowser-dlrvnwnsktodgveyejdjreelllgw/Build/Products/Debug-iphonesimulator/LRUCache.o (in target 'LRUCache' from project 'LRUCache')
    cd /Users/chenliangyu/Library/Developer/Xcode/DerivedData/BooksBrowser-dlrvnwnsktodgveyejdjreelllgw/SourcePackages/checkouts/LRUCache
    builtin-RegisterExecutionPolicyException /Users/chenliangyu/Library/Developer/Xcode/DerivedData/BooksBrowser-dlrvnwnsktodgveyejdjreelllgw/Build/Products/Debug-iphonesimulator/LRUCache.o

RegisterExecutionPolicyException /Users/chenliangyu/Library/Developer/Xcode/DerivedData/BooksBrowser-dlrvnwnsktodgveyejdjreelllgw/Build/Products/Debug-iphonesimulator/DifferenceKit.o (in target 'DifferenceKit' from project 'DifferenceKit')
    cd /Users/chenliangyu/Library/Developer/Xcode/DerivedData/BooksBrowser-dlrvnwnsktodgveyejdjreelllgw/SourcePackages/checkouts/DifferenceKit
    builtin-RegisterExecutionPolicyException /Users/chenliangyu/Library/Developer/Xcode/DerivedData/BooksBrowser-dlrvnwnsktodgveyejdjreelllgw/Build/Products/Debug-iphonesimulator/DifferenceKit.o

RegisterExecutionPolicyException /Users/chenliangyu/Library/Developer/Xcode/DerivedData/BooksBrowser-dlrvnwnsktodgveyejdjreelllgw/Build/Products/Debug-iphonesimulator/ReadiumZIPFoundation.o (in target 'ReadiumZIPFoundation' from project 'ReadiumZIPFoundation')
    cd /Users/chenliangyu/Library/Developer/Xcode/DerivedData/BooksBrowser-dlrvnwnsktodgveyejdjreelllgw/SourcePackages/checkouts/ZIPFoundation
    builtin-RegisterExecutionPolicyException /Users/chenliangyu/Library/Developer/Xcode/DerivedData/BooksBrowser-dlrvnwnsktodgveyejdjreelllgw/Build/Products/Debug-iphonesimulator/ReadiumZIPFoundation.o

RegisterExecutionPolicyException /Users/chenliangyu/Library/Developer/Xcode/DerivedData/BooksBrowser-dlrvnwnsktodgveyejdjreelllgw/Build/Products/Debug-iphonesimulator/CryptoSwift.o (in target 'CryptoSwift' from project 'CryptoSwift')
    cd /Users/chenliangyu/Library/Developer/Xcode/DerivedData/BooksBrowser-dlrvnwnsktodgveyejdjreelllgw/SourcePackages/checkouts/CryptoSwift
    builtin-RegisterExecutionPolicyException /Users/chenliangyu/Library/Developer/Xcode/DerivedData/BooksBrowser-dlrvnwnsktodgveyejdjreelllgw/Build/Products/Debug-iphonesimulator/CryptoSwift.o

RegisterExecutionPolicyException /Users/chenliangyu/Library/Developer/Xcode/DerivedData/BooksBrowser-dlrvnwnsktodgveyejdjreelllgw/Build/Products/Debug-iphonesimulator/Atomics.o (in target 'Atomics' from project 'swift-atomics')
    cd /Users/chenliangyu/Library/Developer/Xcode/DerivedData/BooksBrowser-dlrvnwnsktodgveyejdjreelllgw/SourcePackages/checkouts/swift-atomics
    builtin-RegisterExecutionPolicyException /Users/chenliangyu/Library/Developer/Xcode/DerivedData/BooksBrowser-dlrvnwnsktodgveyejdjreelllgw/Build/Products/Debug-iphonesimulator/Atomics.o

RegisterExecutionPolicyException /Users/chenliangyu/Library/Developer/Xcode/DerivedData/BooksBrowser-dlrvnwnsktodgveyejdjreelllgw/Build/Products/Debug-iphonesimulator/Zip.o (in target 'Zip' from project 'Zip')
    cd /Users/chenliangyu/Library/Developer/Xcode/DerivedData/BooksBrowser-dlrvnwnsktodgveyejdjreelllgw/SourcePackages/checkouts/Zip
    builtin-RegisterExecutionPolicyException /Users/chenliangyu/Library/Developer/Xcode/DerivedData/BooksBrowser-dlrvnwnsktodgveyejdjreelllgw/Build/Products/Debug-iphonesimulator/Zip.o

Ld /Users/chenliangyu/Library/Developer/Xcode/DerivedData/BooksBrowser-dlrvnwnsktodgveyejdjreelllgw/Build/Products/Debug-iphonesimulator/SwiftSoup.o normal (in target 'SwiftSoup' from project 'SwiftSoup')
    cd /Users/chenliangyu/Library/Developer/Xcode/DerivedData/BooksBrowser-dlrvnwnsktodgveyejdjreelllgw/SourcePackages/checkouts/SwiftSoup
    /Applications/Xcode.app/Contents/Developer/Toolchains/XcodeDefault.xctoolchain/usr/bin/clang -Xlinker -reproducible -target arm64-apple-ios13.0-simulator -r -isysroot /Applications/Xcode.app/Contents/Developer/Platforms/iPhoneSimulator.platform/Developer/SDKs/iPhoneSimulator26.2.sdk -O0 -w -L/Users/chenliangyu/Library/Developer/Xcode/DerivedData/BooksBrowser-dlrvnwnsktodgveyejdjreelllgw/Build/Intermediates.noindex/EagerLinkingTBDs/Debug-iphonesimulator -L/Users/chenliangyu/Library/Developer/Xcode/DerivedData/BooksBrowser-dlrvnwnsktodgveyejdjreelllgw/Build/Products/Debug-iphonesimulator -L/Applications/Xcode.app/Contents/Developer/Platforms/iPhoneSimulator.platform/Developer/usr/lib -F/Users/chenliangyu/Library/Developer/Xcode/DerivedData/BooksBrowser-dlrvnwnsktodgveyejdjreelllgw/Build/Intermediates.noindex/EagerLinkingTBDs/Debug-iphonesimulator -F/Users/chenliangyu/Library/Developer/Xcode/DerivedData/BooksBrowser-dlrvnwnsktodgveyejdjreelllgw/Build/Products/Debug-iphonesimulator/PackageFrameworks -F/Users/chenliangyu/Library/Developer/Xcode/DerivedData/BooksBrowser-dlrvnwnsktodgveyejdjreelllgw/Build/Products/Debug-iphonesimulator/PackageFrameworks -F/Users/chenliangyu/Library/Developer/Xcode/DerivedData/BooksBrowser-dlrvnwnsktodgveyejdjreelllgw/Build/Products/Debug-iphonesimulator/PackageFrameworks -F/Users/chenliangyu/Library/Developer/Xcode/DerivedData/BooksBrowser-dlrvnwnsktodgveyejdjreelllgw/Build/Products/Debug-iphonesimulator -iframework /Applications/Xcode.app/Contents/Developer/Platforms/iPhoneSimulator.platform/Developer/Library/Frameworks -iframework /Applications/Xcode.app/Contents/Developer/Platforms/iPhoneSimulator.platform/Developer/SDKs/iPhoneSimulator26.2.sdk/Developer/Library/Frameworks -filelist /Users/chenliangyu/Library/Developer/Xcode/DerivedData/BooksBrowser-dlrvnwnsktodgveyejdjreelllgw/Build/Intermediates.noindex/SwiftSoup.build/Debug-iphonesimulator/SwiftSoup.build/Objects-normal/arm64/SwiftSoup.LinkFileList -nostdlib -Xlinker -object_path_lto -Xlinker /Users/chenliangyu/Library/Developer/Xcode/DerivedData/BooksBrowser-dlrvnwnsktodgveyejdjreelllgw/Build/Intermediates.noindex/SwiftSoup.build/Debug-iphonesimulator/SwiftSoup.build/Objects-normal/arm64/SwiftSoup_lto.o -rdynamic -Xlinker -no_deduplicate -Xlinker -objc_abi_version -Xlinker 2 -Xlinker -debug_variant -Xlinker -dependency_info -Xlinker /Users/chenliangyu/Library/Developer/Xcode/DerivedData/BooksBrowser-dlrvnwnsktodgveyejdjreelllgw/Build/Intermediates.noindex/SwiftSoup.build/Debug-iphonesimulator/SwiftSoup.build/Objects-normal/arm64/SwiftSoup_dependency_info.dat -fobjc-link-runtime -L/Applications/Xcode.app/Contents/Developer/Toolchains/XcodeDefault.xctoolchain/usr/lib/swift/iphonesimulator -L/usr/lib/swift -Xlinker -add_ast_path -Xlinker /Users/chenliangyu/Library/Developer/Xcode/DerivedData/BooksBrowser-dlrvnwnsktodgveyejdjreelllgw/Build/Intermediates.noindex/SwiftSoup.build/Debug-iphonesimulator/SwiftSoup.build/Objects-normal/arm64/SwiftSoup.swiftmodule @/Users/chenliangyu/Library/Developer/Xcode/DerivedData/BooksBrowser-dlrvnwnsktodgveyejdjreelllgw/Build/Intermediates.noindex/SwiftSoup.build/Debug-iphonesimulator/SwiftSoup.build/Objects-normal/arm64/SwiftSoup-linker-args.resp -o /Users/chenliangyu/Library/Developer/Xcode/DerivedData/BooksBrowser-dlrvnwnsktodgveyejdjreelllgw/Build/Products/Debug-iphonesimulator/SwiftSoup.o

ExtractAppIntentsMetadata (in target 'SwiftSoup' from project 'SwiftSoup')
    cd /Users/chenliangyu/Library/Developer/Xcode/DerivedData/BooksBrowser-dlrvnwnsktodgveyejdjreelllgw/SourcePackages/checkouts/SwiftSoup
    /Applications/Xcode.app/Contents/Developer/Toolchains/XcodeDefault.xctoolchain/usr/bin/appintentsmetadataprocessor --toolchain-dir /Applications/Xcode.app/Contents/Developer/Toolchains/XcodeDefault.xctoolchain --module-name SwiftSoup --sdk-root /Applications/Xcode.app/Contents/Developer/Platforms/iPhoneSimulator.platform/Developer/SDKs/iPhoneSimulator26.2.sdk --xcode-version 17C52 --platform-family iOS --deployment-target 13.0 --bundle-identifier swiftsoup.SwiftSoup --output /Users/chenliangyu/Library/Developer/Xcode/DerivedData/BooksBrowser-dlrvnwnsktodgveyejdjreelllgw/Build/Products/Debug-iphonesimulator/SwiftSoup.appintents --target-triple arm64-apple-ios13.0-simulator --binary-file /Users/chenliangyu/Library/Developer/Xcode/DerivedData/BooksBrowser-dlrvnwnsktodgveyejdjreelllgw/Build/Products/Debug-iphonesimulator/SwiftSoup.o --dependency-file /Users/chenliangyu/Library/Developer/Xcode/DerivedData/BooksBrowser-dlrvnwnsktodgveyejdjreelllgw/Build/Intermediates.noindex/SwiftSoup.build/Debug-iphonesimulator/SwiftSoup.build/Objects-normal/arm64/SwiftSoup_dependency_info.dat --stringsdata-file /Users/chenliangyu/Library/Developer/Xcode/DerivedData/BooksBrowser-dlrvnwnsktodgveyejdjreelllgw/Build/Intermediates.noindex/SwiftSoup.build/Debug-iphonesimulator/SwiftSoup.build/Objects-normal/arm64/ExtractedAppShortcutsMetadata.stringsdata --source-file-list /Users/chenliangyu/Library/Developer/Xcode/DerivedData/BooksBrowser-dlrvnwnsktodgveyejdjreelllgw/Build/Intermediates.noindex/SwiftSoup.build/Debug-iphonesimulator/SwiftSoup.build/Objects-normal/arm64/SwiftSoup.SwiftFileList --metadata-file-list /Users/chenliangyu/Library/Developer/Xcode/DerivedData/BooksBrowser-dlrvnwnsktodgveyejdjreelllgw/Build/Intermediates.noindex/SwiftSoup.build/Debug-iphonesimulator/SwiftSoup.build/SwiftSoup.DependencyMetadataFileList --static-metadata-file-list /Users/chenliangyu/Library/Developer/Xcode/DerivedData/BooksBrowser-dlrvnwnsktodgveyejdjreelllgw/Build/Intermediates.noindex/SwiftSoup.build/Debug-iphonesimulator/SwiftSoup.build/SwiftSoup.DependencyStaticMetadataFileList --swift-const-vals-list /Users/chenliangyu/Library/Developer/Xcode/DerivedData/BooksBrowser-dlrvnwnsktodgveyejdjreelllgw/Build/Intermediates.noindex/SwiftSoup.build/Debug-iphonesimulator/SwiftSoup.build/Objects-normal/arm64/SwiftSoup.SwiftConstValuesFileList --force --compile-time-extraction --deployment-aware-processing --validate-assistant-intents --no-app-shortcuts-localization
2026-02-27 12:11:01.704 appintentsmetadataprocessor[43498:24378632] Starting appintentsmetadataprocessor export
2026-02-27 12:11:01.817 appintentsmetadataprocessor[43498:24378632] Extracted no relevant App Intents symbols, skipping writing output

RegisterExecutionPolicyException /Users/chenliangyu/Library/Developer/Xcode/DerivedData/BooksBrowser-dlrvnwnsktodgveyejdjreelllgw/Build/Products/Debug-iphonesimulator/SwiftSoup.o (in target 'SwiftSoup' from project 'SwiftSoup')
    cd /Users/chenliangyu/Library/Developer/Xcode/DerivedData/BooksBrowser-dlrvnwnsktodgveyejdjreelllgw/SourcePackages/checkouts/SwiftSoup
    builtin-RegisterExecutionPolicyException /Users/chenliangyu/Library/Developer/Xcode/DerivedData/BooksBrowser-dlrvnwnsktodgveyejdjreelllgw/Build/Products/Debug-iphonesimulator/SwiftSoup.o

Ld /Users/chenliangyu/Library/Developer/Xcode/DerivedData/BooksBrowser-dlrvnwnsktodgveyejdjreelllgw/Build/Products/Debug-iphonesimulator/ReadiumShared.o normal (in target 'ReadiumShared' from project 'Readium')
    cd /Users/chenliangyu/Library/Developer/Xcode/DerivedData/BooksBrowser-dlrvnwnsktodgveyejdjreelllgw/SourcePackages/checkouts/swift-toolkit
    /Applications/Xcode.app/Contents/Developer/Toolchains/XcodeDefault.xctoolchain/usr/bin/clang -Xlinker -reproducible -target arm64-apple-ios15.0-simulator -r -isysroot /Applications/Xcode.app/Contents/Developer/Platforms/iPhoneSimulator.platform/Developer/SDKs/iPhoneSimulator26.2.sdk -O0 -w -L/Users/chenliangyu/Library/Developer/Xcode/DerivedData/BooksBrowser-dlrvnwnsktodgveyejdjreelllgw/Build/Intermediates.noindex/EagerLinkingTBDs/Debug-iphonesimulator -L/Users/chenliangyu/Library/Developer/Xcode/DerivedData/BooksBrowser-dlrvnwnsktodgveyejdjreelllgw/Build/Products/Debug-iphonesimulator -L/Applications/Xcode.app/Contents/Developer/Platforms/iPhoneSimulator.platform/Developer/usr/lib -F/Users/chenliangyu/Library/Developer/Xcode/DerivedData/BooksBrowser-dlrvnwnsktodgveyejdjreelllgw/Build/Intermediates.noindex/EagerLinkingTBDs/Debug-iphonesimulator -F/Users/chenliangyu/Library/Developer/Xcode/DerivedData/BooksBrowser-dlrvnwnsktodgveyejdjreelllgw/Build/Products/Debug-iphonesimulator/PackageFrameworks -F/Users/chenliangyu/Library/Developer/Xcode/DerivedData/BooksBrowser-dlrvnwnsktodgveyejdjreelllgw/Build/Products/Debug-iphonesimulator/PackageFrameworks -F/Users/chenliangyu/Library/Developer/Xcode/DerivedData/BooksBrowser-dlrvnwnsktodgveyejdjreelllgw/Build/Products/Debug-iphonesimulator/PackageFrameworks -F/Users/chenliangyu/Library/Developer/Xcode/DerivedData/BooksBrowser-dlrvnwnsktodgveyejdjreelllgw/Build/Products/Debug-iphonesimulator/PackageFrameworks -F/Users/chenliangyu/Library/Developer/Xcode/DerivedData/BooksBrowser-dlrvnwnsktodgveyejdjreelllgw/Build/Products/Debug-iphonesimulator/PackageFrameworks -F/Users/chenliangyu/Library/Developer/Xcode/DerivedData/BooksBrowser-dlrvnwnsktodgveyejdjreelllgw/Build/Products/Debug-iphonesimulator/PackageFrameworks -F/Users/chenliangyu/Library/Developer/Xcode/DerivedData/BooksBrowser-dlrvnwnsktodgveyejdjreelllgw/Build/Products/Debug-iphonesimulator/PackageFrameworks -F/Users/chenliangyu/Library/Developer/Xcode/DerivedData/BooksBrowser-dlrvnwnsktodgveyejdjreelllgw/Build/Products/Debug-iphonesimulator/PackageFrameworks -F/Users/chenliangyu/Library/Developer/Xcode/DerivedData/BooksBrowser-dlrvnwnsktodgveyejdjreelllgw/Build/Products/Debug-iphonesimulator/PackageFrameworks -F/Users/chenliangyu/Library/Developer/Xcode/DerivedData/BooksBrowser-dlrvnwnsktodgveyejdjreelllgw/Build/Products/Debug-iphonesimulator -iframework /Applications/Xcode.app/Contents/Developer/Platforms/iPhoneSimulator.platform/Developer/Library/Frameworks -iframework /Applications/Xcode.app/Contents/Developer/Platforms/iPhoneSimulator.platform/Developer/SDKs/iPhoneSimulator26.2.sdk/Developer/Library/Frameworks -filelist /Users/chenliangyu/Library/Developer/Xcode/DerivedData/BooksBrowser-dlrvnwnsktodgveyejdjreelllgw/Build/Intermediates.noindex/Readium.build/Debug-iphonesimulator/ReadiumShared.build/Objects-normal/arm64/ReadiumShared.LinkFileList -nostdlib -Xlinker -object_path_lto -Xlinker /Users/chenliangyu/Library/Developer/Xcode/DerivedData/BooksBrowser-dlrvnwnsktodgveyejdjreelllgw/Build/Intermediates.noindex/Readium.build/Debug-iphonesimulator/ReadiumShared.build/Objects-normal/arm64/ReadiumShared_lto.o -rdynamic -Xlinker -no_deduplicate -Xlinker -objc_abi_version -Xlinker 2 -Xlinker -debug_variant -Xlinker -dependency_info -Xlinker /Users/chenliangyu/Library/Developer/Xcode/DerivedData/BooksBrowser-dlrvnwnsktodgveyejdjreelllgw/Build/Intermediates.noindex/Readium.build/Debug-iphonesimulator/ReadiumShared.build/Objects-normal/arm64/ReadiumShared_dependency_info.dat -fobjc-link-runtime -L/Applications/Xcode.app/Contents/Developer/Toolchains/XcodeDefault.xctoolchain/usr/lib/swift/iphonesimulator -L/usr/lib/swift -Xlinker -add_ast_path -Xlinker /Users/chenliangyu/Library/Developer/Xcode/DerivedData/BooksBrowser-dlrvnwnsktodgveyejdjreelllgw/Build/Intermediates.noindex/Readium.build/Debug-iphonesimulator/ReadiumShared.build/Objects-normal/arm64/ReadiumShared.swiftmodule @/Users/chenliangyu/Library/Developer/Xcode/DerivedData/BooksBrowser-dlrvnwnsktodgveyejdjreelllgw/Build/Intermediates.noindex/Readium.build/Debug-iphonesimulator/ReadiumShared.build/Objects-normal/arm64/ReadiumShared-linker-args.resp -o /Users/chenliangyu/Library/Developer/Xcode/DerivedData/BooksBrowser-dlrvnwnsktodgveyejdjreelllgw/Build/Products/Debug-iphonesimulator/ReadiumShared.o

ExtractAppIntentsMetadata (in target 'ReadiumShared' from project 'Readium')
    cd /Users/chenliangyu/Library/Developer/Xcode/DerivedData/BooksBrowser-dlrvnwnsktodgveyejdjreelllgw/SourcePackages/checkouts/swift-toolkit
    /Applications/Xcode.app/Contents/Developer/Toolchains/XcodeDefault.xctoolchain/usr/bin/appintentsmetadataprocessor --toolchain-dir /Applications/Xcode.app/Contents/Developer/Toolchains/XcodeDefault.xctoolchain --module-name ReadiumShared --sdk-root /Applications/Xcode.app/Contents/Developer/Platforms/iPhoneSimulator.platform/Developer/SDKs/iPhoneSimulator26.2.sdk --xcode-version 17C52 --platform-family iOS --deployment-target 15.0 --bundle-identifier swift-toolkit.ReadiumShared --output /Users/chenliangyu/Library/Developer/Xcode/DerivedData/BooksBrowser-dlrvnwnsktodgveyejdjreelllgw/Build/Products/Debug-iphonesimulator/ReadiumShared.appintents --target-triple arm64-apple-ios15.0-simulator --binary-file /Users/chenliangyu/Library/Developer/Xcode/DerivedData/BooksBrowser-dlrvnwnsktodgveyejdjreelllgw/Build/Products/Debug-iphonesimulator/ReadiumShared.o --dependency-file /Users/chenliangyu/Library/Developer/Xcode/DerivedData/BooksBrowser-dlrvnwnsktodgveyejdjreelllgw/Build/Intermediates.noindex/Readium.build/Debug-iphonesimulator/ReadiumShared.build/Objects-normal/arm64/ReadiumShared_dependency_info.dat --stringsdata-file /Users/chenliangyu/Library/Developer/Xcode/DerivedData/BooksBrowser-dlrvnwnsktodgveyejdjreelllgw/Build/Intermediates.noindex/Readium.build/Debug-iphonesimulator/ReadiumShared.build/Objects-normal/arm64/ExtractedAppShortcutsMetadata.stringsdata --source-file-list /Users/chenliangyu/Library/Developer/Xcode/DerivedData/BooksBrowser-dlrvnwnsktodgveyejdjreelllgw/Build/Intermediates.noindex/Readium.build/Debug-iphonesimulator/ReadiumShared.build/Objects-normal/arm64/ReadiumShared.SwiftFileList --metadata-file-list /Users/chenliangyu/Library/Developer/Xcode/DerivedData/BooksBrowser-dlrvnwnsktodgveyejdjreelllgw/Build/Intermediates.noindex/Readium.build/Debug-iphonesimulator/ReadiumShared.build/ReadiumShared.DependencyMetadataFileList --static-metadata-file-list /Users/chenliangyu/Library/Developer/Xcode/DerivedData/BooksBrowser-dlrvnwnsktodgveyejdjreelllgw/Build/Intermediates.noindex/Readium.build/Debug-iphonesimulator/ReadiumShared.build/ReadiumShared.DependencyStaticMetadataFileList --swift-const-vals-list /Users/chenliangyu/Library/Developer/Xcode/DerivedData/BooksBrowser-dlrvnwnsktodgveyejdjreelllgw/Build/Intermediates.noindex/Readium.build/Debug-iphonesimulator/ReadiumShared.build/Objects-normal/arm64/ReadiumShared.SwiftConstValuesFileList --force --compile-time-extraction --deployment-aware-processing --validate-assistant-intents --no-app-shortcuts-localization
2026-02-27 12:11:01.934 appintentsmetadataprocessor[43501:24378658] Starting appintentsmetadataprocessor export
2026-02-27 12:11:02.020 appintentsmetadataprocessor[43501:24378658] Extracted no relevant App Intents symbols, skipping writing output

RegisterExecutionPolicyException /Users/chenliangyu/Library/Developer/Xcode/DerivedData/BooksBrowser-dlrvnwnsktodgveyejdjreelllgw/Build/Products/Debug-iphonesimulator/ReadiumShared.o (in target 'ReadiumShared' from project 'Readium')
    cd /Users/chenliangyu/Library/Developer/Xcode/DerivedData/BooksBrowser-dlrvnwnsktodgveyejdjreelllgw/SourcePackages/checkouts/swift-toolkit
    builtin-RegisterExecutionPolicyException /Users/chenliangyu/Library/Developer/Xcode/DerivedData/BooksBrowser-dlrvnwnsktodgveyejdjreelllgw/Build/Products/Debug-iphonesimulator/ReadiumShared.o

Ld /Users/chenliangyu/Library/Developer/Xcode/DerivedData/BooksBrowser-dlrvnwnsktodgveyejdjreelllgw/Build/Products/Debug-iphonesimulator/ReadiumStreamer.o normal (in target 'ReadiumStreamer' from project 'Readium')
    cd /Users/chenliangyu/Library/Developer/Xcode/DerivedData/BooksBrowser-dlrvnwnsktodgveyejdjreelllgw/SourcePackages/checkouts/swift-toolkit
    /Applications/Xcode.app/Contents/Developer/Toolchains/XcodeDefault.xctoolchain/usr/bin/clang -Xlinker -reproducible -target arm64-apple-ios15.0-simulator -r -isysroot /Applications/Xcode.app/Contents/Developer/Platforms/iPhoneSimulator.platform/Developer/SDKs/iPhoneSimulator26.2.sdk -O0 -w -L/Users/chenliangyu/Library/Developer/Xcode/DerivedData/BooksBrowser-dlrvnwnsktodgveyejdjreelllgw/Build/Intermediates.noindex/EagerLinkingTBDs/Debug-iphonesimulator -L/Users/chenliangyu/Library/Developer/Xcode/DerivedData/BooksBrowser-dlrvnwnsktodgveyejdjreelllgw/Build/Products/Debug-iphonesimulator -L/Applications/Xcode.app/Contents/Developer/Platforms/iPhoneSimulator.platform/Developer/usr/lib -F/Users/chenliangyu/Library/Developer/Xcode/DerivedData/BooksBrowser-dlrvnwnsktodgveyejdjreelllgw/Build/Intermediates.noindex/EagerLinkingTBDs/Debug-iphonesimulator -F/Users/chenliangyu/Library/Developer/Xcode/DerivedData/BooksBrowser-dlrvnwnsktodgveyejdjreelllgw/Build/Products/Debug-iphonesimulator/PackageFrameworks -F/Users/chenliangyu/Library/Developer/Xcode/DerivedData/BooksBrowser-dlrvnwnsktodgveyejdjreelllgw/Build/Products/Debug-iphonesimulator/PackageFrameworks -F/Users/chenliangyu/Library/Developer/Xcode/DerivedData/BooksBrowser-dlrvnwnsktodgveyejdjreelllgw/Build/Products/Debug-iphonesimulator/PackageFrameworks -F/Users/chenliangyu/Library/Developer/Xcode/DerivedData/BooksBrowser-dlrvnwnsktodgveyejdjreelllgw/Build/Products/Debug-iphonesimulator/PackageFrameworks -F/Users/chenliangyu/Library/Developer/Xcode/DerivedData/BooksBrowser-dlrvnwnsktodgveyejdjreelllgw/Build/Products/Debug-iphonesimulator/PackageFrameworks -F/Users/chenliangyu/Library/Developer/Xcode/DerivedData/BooksBrowser-dlrvnwnsktodgveyejdjreelllgw/Build/Products/Debug-iphonesimulator/PackageFrameworks -F/Users/chenliangyu/Library/Developer/Xcode/DerivedData/BooksBrowser-dlrvnwnsktodgveyejdjreelllgw/Build/Products/Debug-iphonesimulator/PackageFrameworks -F/Users/chenliangyu/Library/Developer/Xcode/DerivedData/BooksBrowser-dlrvnwnsktodgveyejdjreelllgw/Build/Products/Debug-iphonesimulator/PackageFrameworks -F/Users/chenliangyu/Library/Developer/Xcode/DerivedData/BooksBrowser-dlrvnwnsktodgveyejdjreelllgw/Build/Products/Debug-iphonesimulator/PackageFrameworks -F/Users/chenliangyu/Library/Developer/Xcode/DerivedData/BooksBrowser-dlrvnwnsktodgveyejdjreelllgw/Build/Products/Debug-iphonesimulator/PackageFrameworks -F/Users/chenliangyu/Library/Developer/Xcode/DerivedData/BooksBrowser-dlrvnwnsktodgveyejdjreelllgw/Build/Products/Debug-iphonesimulator/PackageFrameworks -F/Users/chenliangyu/Library/Developer/Xcode/DerivedData/BooksBrowser-dlrvnwnsktodgveyejdjreelllgw/Build/Products/Debug-iphonesimulator -iframework /Applications/Xcode.app/Contents/Developer/Platforms/iPhoneSimulator.platform/Developer/Library/Frameworks -iframework /Applications/Xcode.app/Contents/Developer/Platforms/iPhoneSimulator.platform/Developer/SDKs/iPhoneSimulator26.2.sdk/Developer/Library/Frameworks -filelist /Users/chenliangyu/Library/Developer/Xcode/DerivedData/BooksBrowser-dlrvnwnsktodgveyejdjreelllgw/Build/Intermediates.noindex/Readium.build/Debug-iphonesimulator/ReadiumStreamer.build/Objects-normal/arm64/ReadiumStreamer.LinkFileList -nostdlib -Xlinker -object_path_lto -Xlinker /Users/chenliangyu/Library/Developer/Xcode/DerivedData/BooksBrowser-dlrvnwnsktodgveyejdjreelllgw/Build/Intermediates.noindex/Readium.build/Debug-iphonesimulator/ReadiumStreamer.build/Objects-normal/arm64/ReadiumStreamer_lto.o -rdynamic -Xlinker -no_deduplicate -Xlinker -objc_abi_version -Xlinker 2 -Xlinker -debug_variant -Xlinker -dependency_info -Xlinker /Users/chenliangyu/Library/Developer/Xcode/DerivedData/BooksBrowser-dlrvnwnsktodgveyejdjreelllgw/Build/Intermediates.noindex/Readium.build/Debug-iphonesimulator/ReadiumStreamer.build/Objects-normal/arm64/ReadiumStreamer_dependency_info.dat -fobjc-link-runtime -L/Applications/Xcode.app/Contents/Developer/Toolchains/XcodeDefault.xctoolchain/usr/lib/swift/iphonesimulator -L/usr/lib/swift -Xlinker -add_ast_path -Xlinker /Users/chenliangyu/Library/Developer/Xcode/DerivedData/BooksBrowser-dlrvnwnsktodgveyejdjreelllgw/Build/Intermediates.noindex/Readium.build/Debug-iphonesimulator/ReadiumStreamer.build/Objects-normal/arm64/ReadiumStreamer.swiftmodule @/Users/chenliangyu/Library/Developer/Xcode/DerivedData/BooksBrowser-dlrvnwnsktodgveyejdjreelllgw/Build/Intermediates.noindex/Readium.build/Debug-iphonesimulator/ReadiumStreamer.build/Objects-normal/arm64/ReadiumStreamer-linker-args.resp -o /Users/chenliangyu/Library/Developer/Xcode/DerivedData/BooksBrowser-dlrvnwnsktodgveyejdjreelllgw/Build/Products/Debug-iphonesimulator/ReadiumStreamer.o

Ld /Users/chenliangyu/Library/Developer/Xcode/DerivedData/BooksBrowser-dlrvnwnsktodgveyejdjreelllgw/Build/Products/Debug-iphonesimulator/ReadiumNavigator.o normal (in target 'ReadiumNavigator' from project 'Readium')
    cd /Users/chenliangyu/Library/Developer/Xcode/DerivedData/BooksBrowser-dlrvnwnsktodgveyejdjreelllgw/SourcePackages/checkouts/swift-toolkit
    /Applications/Xcode.app/Contents/Developer/Toolchains/XcodeDefault.xctoolchain/usr/bin/clang -Xlinker -reproducible -target arm64-apple-ios15.0-simulator -r -isysroot /Applications/Xcode.app/Contents/Developer/Platforms/iPhoneSimulator.platform/Developer/SDKs/iPhoneSimulator26.2.sdk -O0 -w -L/Users/chenliangyu/Library/Developer/Xcode/DerivedData/BooksBrowser-dlrvnwnsktodgveyejdjreelllgw/Build/Intermediates.noindex/EagerLinkingTBDs/Debug-iphonesimulator -L/Users/chenliangyu/Library/Developer/Xcode/DerivedData/BooksBrowser-dlrvnwnsktodgveyejdjreelllgw/Build/Products/Debug-iphonesimulator -L/Applications/Xcode.app/Contents/Developer/Platforms/iPhoneSimulator.platform/Developer/usr/lib -F/Users/chenliangyu/Library/Developer/Xcode/DerivedData/BooksBrowser-dlrvnwnsktodgveyejdjreelllgw/Build/Intermediates.noindex/EagerLinkingTBDs/Debug-iphonesimulator -F/Users/chenliangyu/Library/Developer/Xcode/DerivedData/BooksBrowser-dlrvnwnsktodgveyejdjreelllgw/Build/Products/Debug-iphonesimulator/PackageFrameworks -F/Users/chenliangyu/Library/Developer/Xcode/DerivedData/BooksBrowser-dlrvnwnsktodgveyejdjreelllgw/Build/Products/Debug-iphonesimulator/PackageFrameworks -F/Users/chenliangyu/Library/Developer/Xcode/DerivedData/BooksBrowser-dlrvnwnsktodgveyejdjreelllgw/Build/Products/Debug-iphonesimulator/PackageFrameworks -F/Users/chenliangyu/Library/Developer/Xcode/DerivedData/BooksBrowser-dlrvnwnsktodgveyejdjreelllgw/Build/Products/Debug-iphonesimulator/PackageFrameworks -F/Users/chenliangyu/Library/Developer/Xcode/DerivedData/BooksBrowser-dlrvnwnsktodgveyejdjreelllgw/Build/Products/Debug-iphonesimulator/PackageFrameworks -F/Users/chenliangyu/Library/Developer/Xcode/DerivedData/BooksBrowser-dlrvnwnsktodgveyejdjreelllgw/Build/Products/Debug-iphonesimulator/PackageFrameworks -F/Users/chenliangyu/Library/Developer/Xcode/DerivedData/BooksBrowser-dlrvnwnsktodgveyejdjreelllgw/Build/Products/Debug-iphonesimulator/PackageFrameworks -F/Users/chenliangyu/Library/Developer/Xcode/DerivedData/BooksBrowser-dlrvnwnsktodgveyejdjreelllgw/Build/Products/Debug-iphonesimulator/PackageFrameworks -F/Users/chenliangyu/Library/Developer/Xcode/DerivedData/BooksBrowser-dlrvnwnsktodgveyejdjreelllgw/Build/Products/Debug-iphonesimulator/PackageFrameworks -F/Users/chenliangyu/Library/Developer/Xcode/DerivedData/BooksBrowser-dlrvnwnsktodgveyejdjreelllgw/Build/Products/Debug-iphonesimulator/PackageFrameworks -F/Users/chenliangyu/Library/Developer/Xcode/DerivedData/BooksBrowser-dlrvnwnsktodgveyejdjreelllgw/Build/Products/Debug-iphonesimulator/PackageFrameworks -F/Users/chenliangyu/Library/Developer/Xcode/DerivedData/BooksBrowser-dlrvnwnsktodgveyejdjreelllgw/Build/Products/Debug-iphonesimulator -iframework /Applications/Xcode.app/Contents/Developer/Platforms/iPhoneSimulator.platform/Developer/Library/Frameworks -iframework /Applications/Xcode.app/Contents/Developer/Platforms/iPhoneSimulator.platform/Developer/SDKs/iPhoneSimulator26.2.sdk/Developer/Library/Frameworks -filelist /Users/chenliangyu/Library/Developer/Xcode/DerivedData/BooksBrowser-dlrvnwnsktodgveyejdjreelllgw/Build/Intermediates.noindex/Readium.build/Debug-iphonesimulator/ReadiumNavigator.build/Objects-normal/arm64/ReadiumNavigator.LinkFileList -nostdlib -Xlinker -object_path_lto -Xlinker /Users/chenliangyu/Library/Developer/Xcode/DerivedData/BooksBrowser-dlrvnwnsktodgveyejdjreelllgw/Build/Intermediates.noindex/Readium.build/Debug-iphonesimulator/ReadiumNavigator.build/Objects-normal/arm64/ReadiumNavigator_lto.o -rdynamic -Xlinker -no_deduplicate -Xlinker -objc_abi_version -Xlinker 2 -Xlinker -debug_variant -Xlinker -dependency_info -Xlinker /Users/chenliangyu/Library/Developer/Xcode/DerivedData/BooksBrowser-dlrvnwnsktodgveyejdjreelllgw/Build/Intermediates.noindex/Readium.build/Debug-iphonesimulator/ReadiumNavigator.build/Objects-normal/arm64/ReadiumNavigator_dependency_info.dat -fobjc-link-runtime -L/Applications/Xcode.app/Contents/Developer/Toolchains/XcodeDefault.xctoolchain/usr/lib/swift/iphonesimulator -L/usr/lib/swift -Xlinker -add_ast_path -Xlinker /Users/chenliangyu/Library/Developer/Xcode/DerivedData/BooksBrowser-dlrvnwnsktodgveyejdjreelllgw/Build/Intermediates.noindex/Readium.build/Debug-iphonesimulator/ReadiumNavigator.build/Objects-normal/arm64/ReadiumNavigator.swiftmodule @/Users/chenliangyu/Library/Developer/Xcode/DerivedData/BooksBrowser-dlrvnwnsktodgveyejdjreelllgw/Build/Intermediates.noindex/Readium.build/Debug-iphonesimulator/ReadiumNavigator.build/Objects-normal/arm64/ReadiumNavigator-linker-args.resp -o /Users/chenliangyu/Library/Developer/Xcode/DerivedData/BooksBrowser-dlrvnwnsktodgveyejdjreelllgw/Build/Products/Debug-iphonesimulator/ReadiumNavigator.o

Ld /Users/chenliangyu/Library/Developer/Xcode/DerivedData/BooksBrowser-dlrvnwnsktodgveyejdjreelllgw/Build/Products/Debug-iphonesimulator/ReadiumAdapterGCDWebServer.o normal (in target 'ReadiumAdapterGCDWebServer' from project 'Readium')
    cd /Users/chenliangyu/Library/Developer/Xcode/DerivedData/BooksBrowser-dlrvnwnsktodgveyejdjreelllgw/SourcePackages/checkouts/swift-toolkit
    /Applications/Xcode.app/Contents/Developer/Toolchains/XcodeDefault.xctoolchain/usr/bin/clang -Xlinker -reproducible -target arm64-apple-ios15.0-simulator -r -isysroot /Applications/Xcode.app/Contents/Developer/Platforms/iPhoneSimulator.platform/Developer/SDKs/iPhoneSimulator26.2.sdk -O0 -w -L/Users/chenliangyu/Library/Developer/Xcode/DerivedData/BooksBrowser-dlrvnwnsktodgveyejdjreelllgw/Build/Intermediates.noindex/EagerLinkingTBDs/Debug-iphonesimulator -L/Users/chenliangyu/Library/Developer/Xcode/DerivedData/BooksBrowser-dlrvnwnsktodgveyejdjreelllgw/Build/Products/Debug-iphonesimulator -L/Applications/Xcode.app/Contents/Developer/Platforms/iPhoneSimulator.platform/Developer/usr/lib -F/Users/chenliangyu/Library/Developer/Xcode/DerivedData/BooksBrowser-dlrvnwnsktodgveyejdjreelllgw/Build/Intermediates.noindex/EagerLinkingTBDs/Debug-iphonesimulator -F/Users/chenliangyu/Library/Developer/Xcode/DerivedData/BooksBrowser-dlrvnwnsktodgveyejdjreelllgw/Build/Products/Debug-iphonesimulator/PackageFrameworks -F/Users/chenliangyu/Library/Developer/Xcode/DerivedData/BooksBrowser-dlrvnwnsktodgveyejdjreelllgw/Build/Products/Debug-iphonesimulator/PackageFrameworks -F/Users/chenliangyu/Library/Developer/Xcode/DerivedData/BooksBrowser-dlrvnwnsktodgveyejdjreelllgw/Build/Products/Debug-iphonesimulator/PackageFrameworks -F/Users/chenliangyu/Library/Developer/Xcode/DerivedData/BooksBrowser-dlrvnwnsktodgveyejdjreelllgw/Build/Products/Debug-iphonesimulator/PackageFrameworks -F/Users/chenliangyu/Library/Developer/Xcode/DerivedData/BooksBrowser-dlrvnwnsktodgveyejdjreelllgw/Build/Products/Debug-iphonesimulator/PackageFrameworks -F/Users/chenliangyu/Library/Developer/Xcode/DerivedData/BooksBrowser-dlrvnwnsktodgveyejdjreelllgw/Build/Products/Debug-iphonesimulator/PackageFrameworks -F/Users/chenliangyu/Library/Developer/Xcode/DerivedData/BooksBrowser-dlrvnwnsktodgveyejdjreelllgw/Build/Products/Debug-iphonesimulator/PackageFrameworks -F/Users/chenliangyu/Library/Developer/Xcode/DerivedData/BooksBrowser-dlrvnwnsktodgveyejdjreelllgw/Build/Products/Debug-iphonesimulator/PackageFrameworks -F/Users/chenliangyu/Library/Developer/Xcode/DerivedData/BooksBrowser-dlrvnwnsktodgveyejdjreelllgw/Build/Products/Debug-iphonesimulator/PackageFrameworks -F/Users/chenliangyu/Library/Developer/Xcode/DerivedData/BooksBrowser-dlrvnwnsktodgveyejdjreelllgw/Build/Products/Debug-iphonesimulator/PackageFrameworks -F/Users/chenliangyu/Library/Developer/Xcode/DerivedData/BooksBrowser-dlrvnwnsktodgveyejdjreelllgw/Build/Products/Debug-iphonesimulator/PackageFrameworks -F/Users/chenliangyu/Library/Developer/Xcode/DerivedData/BooksBrowser-dlrvnwnsktodgveyejdjreelllgw/Build/Products/Debug-iphonesimulator -iframework /Applications/Xcode.app/Contents/Developer/Platforms/iPhoneSimulator.platform/Developer/Library/Frameworks -iframework /Applications/Xcode.app/Contents/Developer/Platforms/iPhoneSimulator.platform/Developer/SDKs/iPhoneSimulator26.2.sdk/Developer/Library/Frameworks -filelist /Users/chenliangyu/Library/Developer/Xcode/DerivedData/BooksBrowser-dlrvnwnsktodgveyejdjreelllgw/Build/Intermediates.noindex/Readium.build/Debug-iphonesimulator/ReadiumAdapterGCDWebServer.build/Objects-normal/arm64/ReadiumAdapterGCDWebServer.LinkFileList -nostdlib -Xlinker -object_path_lto -Xlinker /Users/chenliangyu/Library/Developer/Xcode/DerivedData/BooksBrowser-dlrvnwnsktodgveyejdjreelllgw/Build/Intermediates.noindex/Readium.build/Debug-iphonesimulator/ReadiumAdapterGCDWebServer.build/Objects-normal/arm64/ReadiumAdapterGCDWebServer_lto.o -rdynamic -Xlinker -no_deduplicate -Xlinker -objc_abi_version -Xlinker 2 -Xlinker -debug_variant -Xlinker -dependency_info -Xlinker /Users/chenliangyu/Library/Developer/Xcode/DerivedData/BooksBrowser-dlrvnwnsktodgveyejdjreelllgw/Build/Intermediates.noindex/Readium.build/Debug-iphonesimulator/ReadiumAdapterGCDWebServer.build/Objects-normal/arm64/ReadiumAdapterGCDWebServer_dependency_info.dat -fobjc-link-runtime -L/Applications/Xcode.app/Contents/Developer/Toolchains/XcodeDefault.xctoolchain/usr/lib/swift/iphonesimulator -L/usr/lib/swift -Xlinker -add_ast_path -Xlinker /Users/chenliangyu/Library/Developer/Xcode/DerivedData/BooksBrowser-dlrvnwnsktodgveyejdjreelllgw/Build/Intermediates.noindex/Readium.build/Debug-iphonesimulator/ReadiumAdapterGCDWebServer.build/Objects-normal/arm64/ReadiumAdapterGCDWebServer.swiftmodule @/Users/chenliangyu/Library/Developer/Xcode/DerivedData/BooksBrowser-dlrvnwnsktodgveyejdjreelllgw/Build/Intermediates.noindex/Readium.build/Debug-iphonesimulator/ReadiumAdapterGCDWebServer.build/Objects-normal/arm64/ReadiumAdapterGCDWebServer-linker-args.resp -o /Users/chenliangyu/Library/Developer/Xcode/DerivedData/BooksBrowser-dlrvnwnsktodgveyejdjreelllgw/Build/Products/Debug-iphonesimulator/ReadiumAdapterGCDWebServer.o

ExtractAppIntentsMetadata (in target 'ReadiumAdapterGCDWebServer' from project 'Readium')
    cd /Users/chenliangyu/Library/Developer/Xcode/DerivedData/BooksBrowser-dlrvnwnsktodgveyejdjreelllgw/SourcePackages/checkouts/swift-toolkit
    /Applications/Xcode.app/Contents/Developer/Toolchains/XcodeDefault.xctoolchain/usr/bin/appintentsmetadataprocessor --toolchain-dir /Applications/Xcode.app/Contents/Developer/Toolchains/XcodeDefault.xctoolchain --module-name ReadiumAdapterGCDWebServer --sdk-root /Applications/Xcode.app/Contents/Developer/Platforms/iPhoneSimulator.platform/Developer/SDKs/iPhoneSimulator26.2.sdk --xcode-version 17C52 --platform-family iOS --deployment-target 15.0 --bundle-identifier swift-toolkit.ReadiumAdapterGCDWebServer --output /Users/chenliangyu/Library/Developer/Xcode/DerivedData/BooksBrowser-dlrvnwnsktodgveyejdjreelllgw/Build/Products/Debug-iphonesimulator/ReadiumAdapterGCDWebServer.appintents --target-triple arm64-apple-ios15.0-simulator --binary-file /Users/chenliangyu/Library/Developer/Xcode/DerivedData/BooksBrowser-dlrvnwnsktodgveyejdjreelllgw/Build/Products/Debug-iphonesimulator/ReadiumAdapterGCDWebServer.o --dependency-file /Users/chenliangyu/Library/Developer/Xcode/DerivedData/BooksBrowser-dlrvnwnsktodgveyejdjreelllgw/Build/Intermediates.noindex/Readium.build/Debug-iphonesimulator/ReadiumAdapterGCDWebServer.build/Objects-normal/arm64/ReadiumAdapterGCDWebServer_dependency_info.dat --stringsdata-file /Users/chenliangyu/Library/Developer/Xcode/DerivedData/BooksBrowser-dlrvnwnsktodgveyejdjreelllgw/Build/Intermediates.noindex/Readium.build/Debug-iphonesimulator/ReadiumAdapterGCDWebServer.build/Objects-normal/arm64/ExtractedAppShortcutsMetadata.stringsdata --source-file-list /Users/chenliangyu/Library/Developer/Xcode/DerivedData/BooksBrowser-dlrvnwnsktodgveyejdjreelllgw/Build/Intermediates.noindex/Readium.build/Debug-iphonesimulator/ReadiumAdapterGCDWebServer.build/Objects-normal/arm64/ReadiumAdapterGCDWebServer.SwiftFileList --metadata-file-list /Users/chenliangyu/Library/Developer/Xcode/DerivedData/BooksBrowser-dlrvnwnsktodgveyejdjreelllgw/Build/Intermediates.noindex/Readium.build/Debug-iphonesimulator/ReadiumAdapterGCDWebServer.build/ReadiumAdapterGCDWebServer.DependencyMetadataFileList --static-metadata-file-list /Users/chenliangyu/Library/Developer/Xcode/DerivedData/BooksBrowser-dlrvnwnsktodgveyejdjreelllgw/Build/Intermediates.noindex/Readium.build/Debug-iphonesimulator/ReadiumAdapterGCDWebServer.build/ReadiumAdapterGCDWebServer.DependencyStaticMetadataFileList --swift-const-vals-list /Users/chenliangyu/Library/Developer/Xcode/DerivedData/BooksBrowser-dlrvnwnsktodgveyejdjreelllgw/Build/Intermediates.noindex/Readium.build/Debug-iphonesimulator/ReadiumAdapterGCDWebServer.build/Objects-normal/arm64/ReadiumAdapterGCDWebServer.SwiftConstValuesFileList --force --compile-time-extraction --deployment-aware-processing --validate-assistant-intents --no-app-shortcuts-localization
2026-02-27 12:11:02.079 appintentsmetadataprocessor[43511:24378709] Starting appintentsmetadataprocessor export
2026-02-27 12:11:02.184 appintentsmetadataprocessor[43511:24378709] Extracted no relevant App Intents symbols, skipping writing output

ExtractAppIntentsMetadata (in target 'ReadiumStreamer' from project 'Readium')
    cd /Users/chenliangyu/Library/Developer/Xcode/DerivedData/BooksBrowser-dlrvnwnsktodgveyejdjreelllgw/SourcePackages/checkouts/swift-toolkit
    /Applications/Xcode.app/Contents/Developer/Toolchains/XcodeDefault.xctoolchain/usr/bin/appintentsmetadataprocessor --toolchain-dir /Applications/Xcode.app/Contents/Developer/Toolchains/XcodeDefault.xctoolchain --module-name ReadiumStreamer --sdk-root /Applications/Xcode.app/Contents/Developer/Platforms/iPhoneSimulator.platform/Developer/SDKs/iPhoneSimulator26.2.sdk --xcode-version 17C52 --platform-family iOS --deployment-target 15.0 --bundle-identifier swift-toolkit.ReadiumStreamer --output /Users/chenliangyu/Library/Developer/Xcode/DerivedData/BooksBrowser-dlrvnwnsktodgveyejdjreelllgw/Build/Products/Debug-iphonesimulator/ReadiumStreamer.appintents --target-triple arm64-apple-ios15.0-simulator --binary-file /Users/chenliangyu/Library/Developer/Xcode/DerivedData/BooksBrowser-dlrvnwnsktodgveyejdjreelllgw/Build/Products/Debug-iphonesimulator/ReadiumStreamer.o --dependency-file /Users/chenliangyu/Library/Developer/Xcode/DerivedData/BooksBrowser-dlrvnwnsktodgveyejdjreelllgw/Build/Intermediates.noindex/Readium.build/Debug-iphonesimulator/ReadiumStreamer.build/Objects-normal/arm64/ReadiumStreamer_dependency_info.dat --stringsdata-file /Users/chenliangyu/Library/Developer/Xcode/DerivedData/BooksBrowser-dlrvnwnsktodgveyejdjreelllgw/Build/Intermediates.noindex/Readium.build/Debug-iphonesimulator/ReadiumStreamer.build/Objects-normal/arm64/ExtractedAppShortcutsMetadata.stringsdata --source-file-list /Users/chenliangyu/Library/Developer/Xcode/DerivedData/BooksBrowser-dlrvnwnsktodgveyejdjreelllgw/Build/Intermediates.noindex/Readium.build/Debug-iphonesimulator/ReadiumStreamer.build/Objects-normal/arm64/ReadiumStreamer.SwiftFileList --metadata-file-list /Users/chenliangyu/Library/Developer/Xcode/DerivedData/BooksBrowser-dlrvnwnsktodgveyejdjreelllgw/Build/Intermediates.noindex/Readium.build/Debug-iphonesimulator/ReadiumStreamer.build/ReadiumStreamer.DependencyMetadataFileList --static-metadata-file-list /Users/chenliangyu/Library/Developer/Xcode/DerivedData/BooksBrowser-dlrvnwnsktodgveyejdjreelllgw/Build/Intermediates.noindex/Readium.build/Debug-iphonesimulator/ReadiumStreamer.build/ReadiumStreamer.DependencyStaticMetadataFileList --swift-const-vals-list /Users/chenliangyu/Library/Developer/Xcode/DerivedData/BooksBrowser-dlrvnwnsktodgveyejdjreelllgw/Build/Intermediates.noindex/Readium.build/Debug-iphonesimulator/ReadiumStreamer.build/Objects-normal/arm64/ReadiumStreamer.SwiftConstValuesFileList --force --compile-time-extraction --deployment-aware-processing --validate-assistant-intents --no-app-shortcuts-localization
2026-02-27 12:11:02.090 appintentsmetadataprocessor[43513:24378712] Starting appintentsmetadataprocessor export
2026-02-27 12:11:02.196 appintentsmetadataprocessor[43513:24378712] Extracted no relevant App Intents symbols, skipping writing output

SwiftEmitModule normal arm64 Emitting\ module\ for\ BooksBrowser (in target 'BooksBrowser' from project 'BooksBrowser')
EmitSwiftModule normal arm64 (in target 'BooksBrowser' from project 'BooksBrowser')
    cd /Users/chenliangyu/Desktop/Development/BooksBrowserWorkspace/booksbrowser_ios
    

SwiftCompile normal arm64 Compiling\ GeneratedAssetSymbols.swift /Users/chenliangyu/Library/Developer/Xcode/DerivedData/BooksBrowser-dlrvnwnsktodgveyejdjreelllgw/Build/Intermediates.noindex/BooksBrowser.build/Debug-iphonesimulator/BooksBrowser.build/DerivedSources/GeneratedAssetSymbols.swift (in target 'BooksBrowser' from project 'BooksBrowser')

SwiftCompile normal arm64 /Users/chenliangyu/Library/Developer/Xcode/DerivedData/BooksBrowser-dlrvnwnsktodgveyejdjreelllgw/Build/Intermediates.noindex/BooksBrowser.build/Debug-iphonesimulator/BooksBrowser.build/DerivedSources/GeneratedAssetSymbols.swift (in target 'BooksBrowser' from project 'BooksBrowser')
    cd /Users/chenliangyu/Desktop/Development/BooksBrowserWorkspace/booksbrowser_ios
    

SwiftCompile normal arm64 Compiling\ SyncView.swift /Users/chenliangyu/Desktop/Development/BooksBrowserWorkspace/booksbrowser_ios/BooksBrowser/Views/Vocabulary/SyncView.swift (in target 'BooksBrowser' from project 'BooksBrowser')
Failed frontend command:
/Applications/Xcode.app/Contents/Developer/Toolchains/XcodeDefault.xctoolchain/usr/bin/swift-frontend -frontend -c /Users/chenliangyu/Desktop/Development/BooksBrowserWorkspace/booksbrowser_ios/BooksBrowser/Models/AppColors.swift /Users/chenliangyu/Desktop/Development/BooksBrowserWorkspace/booksbrowser_ios/BooksBrowser/Models/Book.swift /Users/chenliangyu/Desktop/Development/BooksBrowserWorkspace/booksbrowser_ios/BooksBrowser/Models/ReaderSettings.swift /Users/chenliangyu/Desktop/Development/BooksBrowserWorkspace/booksbrowser_ios/BooksBrowser/Models/SharedTypes.swift /Users/chenliangyu/Desktop/Development/BooksBrowserWorkspace/booksbrowser_ios/BooksBrowser/Models/VocabularyEntry.swift /Users/chenliangyu/Desktop/Development/BooksBrowserWorkspace/booksbrowser_ios/BooksBrowser/Services/AuthManager.swift /Users/chenliangyu/Desktop/Development/BooksBrowserWorkspace/booksbrowser_ios/BooksBrowser/Services/BooksBrowserAppIntents.swift /Users/chenliangyu/Desktop/Development/BooksBrowserWorkspace/booksbrowser_ios/BooksBrowser/Services/DictionaryService.swift /Users/chenliangyu/Desktop/Development/BooksBrowserWorkspace/booksbrowser_ios/BooksBrowser/Services/KGService.swift /Users/chenliangyu/Desktop/Development/BooksBrowserWorkspace/booksbrowser_ios/BooksBrowser/Services/ReadiumService.swift /Users/chenliangyu/Desktop/Development/BooksBrowserWorkspace/booksbrowser_ios/BooksBrowser/Services/SpeechService.swift /Users/chenliangyu/Desktop/Development/BooksBrowserWorkspace/booksbrowser_ios/BooksBrowser/Services/TranslationService.swift /Users/chenliangyu/Desktop/Development/BooksBrowserWorkspace/booksbrowser_ios/BooksBrowser/Views/Bookshelf/BookshelfView.swift /Users/chenliangyu/Desktop/Development/BooksBrowserWorkspace/booksbrowser_ios/BooksBrowser/Views/Reader/ReaderSettingsPanel.swift /Users/chenliangyu/Desktop/Development/BooksBrowserWorkspace/booksbrowser_ios/BooksBrowser/Views/Reader/ReaderView.swift /Users/chenliangyu/Desktop/Development/BooksBrowserWorkspace/booksbrowser_ios/BooksBrowser/Views/Reader/ReadiumNavigatorView.swift /Users/chenliangyu/Desktop/Development/BooksBrowserWorkspace/booksbrowser_ios/BooksBrowser/Views/Reader/TranslationPanel.swift /Users/chenliangyu/Desktop/Development/BooksBrowserWorkspace/booksbrowser_ios/BooksBrowser/Views/Settings/SettingsView.swift /Users/chenliangyu/Desktop/Development/BooksBrowserWorkspace/booksbrowser_ios/BooksBrowser/Views/Vocabulary/KGVocabView.swift -primary-file /Users/chenliangyu/Desktop/Development/BooksBrowserWorkspace/booksbrowser_ios/BooksBrowser/Views/Vocabulary/SyncView.swift /Users/chenliangyu/Desktop/Development/BooksBrowserWorkspace/booksbrowser_ios/BooksBrowser/Views/Vocabulary/VocabularyListView.swift /Users/chenliangyu/Desktop/Development/BooksBrowserWorkspace/booksbrowser_ios/BooksBrowser/BooksBrowserApp.swift /Users/chenliangyu/Desktop/Development/BooksBrowserWorkspace/booksbrowser_ios/BooksBrowser/ContentView.swift /Users/chenliangyu/Library/Developer/Xcode/DerivedData/BooksBrowser-dlrvnwnsktodgveyejdjreelllgw/Build/Intermediates.noindex/BooksBrowser.build/Debug-iphonesimulator/BooksBrowser.build/DerivedSources/GeneratedAssetSymbols.swift -emit-dependencies-path /Users/chenliangyu/Library/Developer/Xcode/DerivedData/BooksBrowser-dlrvnwnsktodgveyejdjreelllgw/Build/Intermediates.noindex/BooksBrowser.build/Debug-iphonesimulator/BooksBrowser.build/Objects-normal/arm64/SyncView.d -emit-const-values-path /Users/chenliangyu/Library/Developer/Xcode/DerivedData/BooksBrowser-dlrvnwnsktodgveyejdjreelllgw/Build/Intermediates.noindex/BooksBrowser.build/Debug-iphonesimulator/BooksBrowser.build/Objects-normal/arm64/SyncView.swiftconstvalues -emit-reference-dependencies-path /Users/chenliangyu/Library/Developer/Xcode/DerivedData/BooksBrowser-dlrvnwnsktodgveyejdjreelllgw/Build/Intermediates.noindex/BooksBrowser.build/Debug-iphonesimulator/BooksBrowser.build/Objects-normal/arm64/SyncView.swiftdeps -serialize-diagnostics-path /Users/chenliangyu/Library/Developer/Xcode/DerivedData/BooksBrowser-dlrvnwnsktodgveyejdjreelllgw/Build/Intermediates.noindex/BooksBrowser.build/Debug-iphonesimulator/BooksBrowser.build/Objects-normal/arm64/SyncView.dia -emit-localized-strings -emit-localized-strings-path /Users/chenliangyu/Library/Developer/Xcode/DerivedData/BooksBrowser-dlrvnwnsktodgveyejdjreelllgw/Build/Intermediates.noindex/BooksBrowser.build/Debug-iphonesimulator/BooksBrowser.build/Objects-normal/arm64 -target arm64-apple-ios26.0-simulator -module-can-import-version DeveloperToolsSupport 23.0.4 23.0.4 -module-can-import-version SwiftUI 7.2.5.1 7.2.5 -module-can-import-version UIKit 9126.2.4.1 9126.2.4 -disable-cross-import-overlay-search -swift-module-cross-import AppIntents /Applications/Xcode.app/Contents/Developer/Platforms/iPhoneSimulator.platform/Developer/SDKs/iPhoneSimulator.sdk/System/Library/Frameworks/AppIntents.framework/Modules/AppIntents.swiftcrossimport/SwiftUI.swiftoverlay -swift-module-cross-import AppIntents /Applications/Xcode.app/Contents/Developer/Platforms/iPhoneSimulator.platform/Developer/SDKs/iPhoneSimulator.sdk/System/Library/Frameworks/AppIntents.framework/Modules/AppIntents.swiftcrossimport/UIKit.swiftoverlay -swift-module-cross-import AppIntents /Applications/Xcode.app/Contents/Developer/Platforms/iPhoneSimulator.platform/Developer/SDKs/iPhoneSimulator26.2.sdk/System/Library/Frameworks/AppIntents.framework/Modules/AppIntents.swiftcrossimport/SwiftUI.swiftoverlay -swift-module-cross-import AppIntents /Applications/Xcode.app/Contents/Developer/Platforms/iPhoneSimulator.platform/Developer/SDKs/iPhoneSimulator26.2.sdk/System/Library/Frameworks/AppIntents.framework/Modules/AppIntents.swiftcrossimport/UIKit.swiftoverlay -swift-module-cross-import RelevanceKit /Applications/Xcode.app/Contents/Developer/Platforms/iPhoneSimulator.platform/Developer/SDKs/iPhoneSimulator.sdk/System/Library/Frameworks/RelevanceKit.framework/Modules/RelevanceKit.swiftcrossimport/MapKit.swiftoverlay -swift-module-cross-import RelevanceKit /Applications/Xcode.app/Contents/Developer/Platforms/iPhoneSimulator.platform/Developer/SDKs/iPhoneSimulator26.2.sdk/System/Library/Frameworks/RelevanceKit.framework/Modules/RelevanceKit.swiftcrossimport/MapKit.swiftoverlay -swift-module-cross-import SwiftData /Applications/Xcode.app/Contents/Developer/Platforms/iPhoneSimulator.platform/Developer/SDKs/iPhoneSimulator26.2.sdk/System/Library/Frameworks/SwiftData.framework/Modules/SwiftData.swiftcrossimport/CoreData.swiftoverlay -swift-module-cross-import SwiftData /Applications/Xcode.app/Contents/Developer/Platforms/iPhoneSimulator.platform/Developer/SDKs/iPhoneSimulator26.2.sdk/System/Library/Frameworks/SwiftData.framework/Modules/SwiftData.swiftcrossimport/SwiftUI.swiftoverlay -swift-module-cross-import WebKit /Applications/Xcode.app/Contents/Developer/Platforms/iPhoneSimulator.platform/Developer/SDKs/iPhoneSimulator.sdk/System/Cryptexes/OS/System/Library/Frameworks/WebKit.framework/Modules/WebKit.swiftcrossimport/SwiftUI.swiftoverlay -swift-module-cross-import WebKit /Applications/Xcode.app/Contents/Developer/Platforms/iPhoneSimulator.platform/Developer/SDKs/iPhoneSimulator26.2.sdk/System/Library/Frameworks/WebKit.framework/Modules/WebKit.swiftcrossimport/SwiftUI.swiftoverlay -load-resolved-plugin /Applications/Xcode.app/Contents/Developer/Platforms/iPhoneOS.platform/Developer/usr/lib/swift/host/plugins/libAppIntentsMacros.dylib\#/Applications/Xcode.app/Contents/Developer/Platforms/iPhoneOS.platform/Developer/usr/bin/swift-plugin-server\#AppIntentsMacros -load-resolved-plugin /Applications/Xcode.app/Contents/Developer/Platforms/iPhoneOS.platform/Developer/usr/lib/swift/host/plugins/libFoundationMacros.dylib\#/Applications/Xcode.app/Contents/Developer/Platforms/iPhoneOS.platform/Developer/usr/bin/swift-plugin-server\#FoundationMacros -load-resolved-plugin /Applications/Xcode.app/Contents/Developer/Platforms/iPhoneOS.platform/Developer/usr/lib/swift/host/plugins/libFoundationModelsMacros.dylib\#/Applications/Xcode.app/Contents/Developer/Platforms/iPhoneOS.platform/Developer/usr/bin/swift-plugin-server\#FoundationModelsMacros -load-resolved-plugin /Applications/Xcode.app/Contents/Developer/Platforms/iPhoneOS.platform/Developer/usr/lib/swift/host/plugins/libObservationMacros.dylib\#/Applications/Xcode.app/Contents/Developer/Platforms/iPhoneOS.platform/Developer/usr/bin/swift-plugin-server\#ObservationMacros -load-resolved-plugin /Applications/Xcode.app/Contents/Developer/Platforms/iPhoneOS.platform/Developer/usr/lib/swift/host/plugins/libPreviewsMacros.dylib\#/Applications/Xcode.app/Contents/Developer/Platforms/iPhoneOS.platform/Developer/usr/bin/swift-plugin-server\#PreviewsMacros -load-resolved-plugin /Applications/Xcode.app/Contents/Developer/Platforms/iPhoneOS.platform/Developer/usr/lib/swift/host/plugins/libSwiftDataMacros.dylib\#/Applications/Xcode.app/Contents/Developer/Platforms/iPhoneOS.platform/Developer/usr/bin/swift-plugin-server\#SwiftDataMacros -load-resolved-plugin /Applications/Xcode.app/Contents/Developer/Platforms/iPhoneOS.platform/Developer/usr/lib/swift/host/plugins/libSwiftMacros.dylib\#/Applications/Xcode.app/Contents/Developer/Platforms/iPhoneOS.platform/Developer/usr/bin/swift-plugin-server\#SwiftMacros -load-resolved-plugin /Applications/Xcode.app/Contents/Developer/Platforms/iPhoneOS.platform/Developer/usr/lib/swift/host/plugins/libSwiftUIMacros.dylib\#/Applications/Xcode.app/Contents/Developer/Platforms/iPhoneOS.platform/Developer/usr/bin/swift-plugin-server\#SwiftUIMacros -disable-implicit-swift-modules -Xcc -fno-implicit-modules -Xcc -fno-implicit-module-maps -explicit-swift-module-map-file /Users/chenliangyu/Library/Developer/Xcode/DerivedData/BooksBrowser-dlrvnwnsktodgveyejdjreelllgw/Build/Intermediates.noindex/BooksBrowser.build/Debug-iphonesimulator/BooksBrowser.build/Objects-normal/arm64/BooksBrowser-dependencies-1.json -Xllvm -aarch64-use-tbi -enable-objc-interop -sdk /Applications/Xcode.app/Contents/Developer/Platforms/iPhoneSimulator.platform/Developer/SDKs/iPhoneSimulator26.2.sdk -I /Users/chenliangyu/Library/Developer/Xcode/DerivedData/BooksBrowser-dlrvnwnsktodgveyejdjreelllgw/Build/Products/Debug-iphonesimulator -F /Users/chenliangyu/Library/Developer/Xcode/DerivedData/BooksBrowser-dlrvnwnsktodgveyejdjreelllgw/Build/Products/Debug-iphonesimulator/PackageFrameworks -F /Users/chenliangyu/Library/Developer/Xcode/DerivedData/BooksBrowser-dlrvnwnsktodgveyejdjreelllgw/Build/Products/Debug-iphonesimulator/PackageFrameworks -F /Users/chenliangyu/Library/Developer/Xcode/DerivedData/BooksBrowser-dlrvnwnsktodgveyejdjreelllgw/Build/Products/Debug-iphonesimulator/PackageFrameworks -F /Users/chenliangyu/Library/Developer/Xcode/DerivedData/BooksBrowser-dlrvnwnsktodgveyejdjreelllgw/Build/Products/Debug-iphonesimulator/PackageFrameworks -F /Users/chenliangyu/Library/Developer/Xcode/DerivedData/BooksBrowser-dlrvnwnsktodgveyejdjreelllgw/Build/Products/Debug-iphonesimulator/PackageFrameworks -F /Users/chenliangyu/Library/Developer/Xcode/DerivedData/BooksBrowser-dlrvnwnsktodgveyejdjreelllgw/Build/Products/Debug-iphonesimulator/PackageFrameworks -F /Users/chenliangyu/Library/Developer/Xcode/DerivedData/BooksBrowser-dlrvnwnsktodgveyejdjreelllgw/Build/Products/Debug-iphonesimulator/PackageFrameworks -F /Users/chenliangyu/Library/Developer/Xcode/DerivedData/BooksBrowser-dlrvnwnsktodgveyejdjreelllgw/Build/Products/Debug-iphonesimulator/PackageFrameworks -F /Users/chenliangyu/Library/Developer/Xcode/DerivedData/BooksBrowser-dlrvnwnsktodgveyejdjreelllgw/Build/Products/Debug-iphonesimulator/PackageFrameworks -F /Users/chenliangyu/Library/Developer/Xcode/DerivedData/BooksBrowser-dlrvnwnsktodgveyejdjreelllgw/Build/Products/Debug-iphonesimulator/PackageFrameworks -F /Users/chenliangyu/Library/Developer/Xcode/DerivedData/BooksBrowser-dlrvnwnsktodgveyejdjreelllgw/Build/Products/Debug-iphonesimulator/PackageFrameworks -F /Users/chenliangyu/Library/Developer/Xcode/DerivedData/BooksBrowser-dlrvnwnsktodgveyejdjreelllgw/Build/Products/Debug-iphonesimulator/PackageFrameworks -F /Users/chenliangyu/Library/Developer/Xcode/DerivedData/BooksBrowser-dlrvnwnsktodgveyejdjreelllgw/Build/Products/Debug-iphonesimulator/PackageFrameworks -F /Users/chenliangyu/Library/Developer/Xcode/DerivedData/BooksBrowser-dlrvnwnsktodgveyejdjreelllgw/Build/Products/Debug-iphonesimulator/PackageFrameworks -F /Users/chenliangyu/Library/Developer/Xcode/DerivedData/BooksBrowser-dlrvnwnsktodgveyejdjreelllgw/Build/Products/Debug-iphonesimulator/PackageFrameworks -F /Users/chenliangyu/Library/Developer/Xcode/DerivedData/BooksBrowser-dlrvnwnsktodgveyejdjreelllgw/Build/Products/Debug-iphonesimulator/PackageFrameworks -F /Users/chenliangyu/Library/Developer/Xcode/DerivedData/BooksBrowser-dlrvnwnsktodgveyejdjreelllgw/Build/Products/Debug-iphonesimulator -no-color-diagnostics -Xcc -fno-color-diagnostics -enable-testing -g -debug-info-format\=dwarf -dwarf-version\=5 -module-cache-path /Users/chenliangyu/Library/Developer/Xcode/DerivedData/BooksBrowser-dlrvnwnsktodgveyejdjreelllgw/Build/Intermediates.noindex/SwiftExplicitPrecompiledModules -profile-generate -profile-coverage-mapping -swift-version 5 -enforce-exclusivity\=checked -Onone -D DEBUG -serialize-debugging-options -const-gather-protocols-file /Users/chenliangyu/Library/Developer/Xcode/DerivedData/BooksBrowser-dlrvnwnsktodgveyejdjreelllgw/Build/Intermediates.noindex/BooksBrowser.build/Debug-iphonesimulator/BooksBrowser.build/Objects-normal/arm64/BooksBrowser_const_extract_protocols.json -enable-experimental-feature DebugDescriptionMacro -enable-bare-slash-regex -empty-abi-descriptor -validate-clang-modules-once -clang-build-session-file /Users/chenliangyu/Library/Developer/Xcode/DerivedData/ModuleCache.noindex/Session.modulevalidation -Xcc -working-directory -Xcc /Users/chenliangyu/Desktop/Development/BooksBrowserWorkspace/booksbrowser_ios -enable-anonymous-context-mangled-names -file-compilation-dir /Users/chenliangyu/Desktop/Development/BooksBrowserWorkspace/booksbrowser_ios -Xcc -fmodule-map-file\=/Users/chenliangyu/Library/Developer/Xcode/DerivedData/BooksBrowser-dlrvnwnsktodgveyejdjreelllgw/Build/Intermediates.noindex/GeneratedModuleMaps-iphonesimulator/Minizip.modulemap -Xcc -fmodule-map-file\=/Users/chenliangyu/Library/Developer/Xcode/DerivedData/BooksBrowser-dlrvnwnsktodgveyejdjreelllgw/Build/Intermediates.noindex/GeneratedModuleMaps-iphonesimulator/ReadiumGCDWebServer.modulemap -Xcc -D_LIBCPP_HARDENING_MODE\=_LIBCPP_HARDENING_MODE_DEBUG -Xcc -ivfsstatcache -Xcc /Users/chenliangyu/Library/Developer/Xcode/DerivedData/SDKStatCaches.noindex/iphonesimulator26.2-23C53-7d00a8b37fbd7999ea79df8ebc024bf0.sdkstatcache -Xcc -I/Users/chenliangyu/Library/Developer/Xcode/DerivedData/BooksBrowser-dlrvnwnsktodgveyejdjreelllgw/Build/Intermediates.noindex/BooksBrowser.build/Debug-iphonesimulator/BooksBrowser.build/swift-overrides.hmap -Xcc -iquote -Xcc /Users/chenliangyu/Library/Developer/Xcode/DerivedData/BooksBrowser-dlrvnwnsktodgveyejdjreelllgw/Build/Intermediates.noindex/BooksBrowser.build/Debug-iphonesimulator/BooksBrowser.build/BooksBrowser-generated-files.hmap -Xcc -I/Users/chenliangyu/Library/Developer/Xcode/DerivedData/BooksBrowser-dlrvnwnsktodgveyejdjreelllgw/Build/Intermediates.noindex/BooksBrowser.build/Debug-iphonesimulator/BooksBrowser.build/BooksBrowser-own-target-headers.hmap -Xcc -I/Users/chenliangyu/Library/Developer/Xcode/DerivedData/BooksBrowser-dlrvnwnsktodgveyejdjreelllgw/Build/Intermediates.noindex/BooksBrowser.build/Debug-iphonesimulator/BooksBrowser.build/BooksBrowser-all-non-framework-target-headers.hmap -Xcc -ivfsoverlay -Xcc /Users/chenliangyu/Library/Developer/Xcode/DerivedData/BooksBrowser-dlrvnwnsktodgveyejdjreelllgw/Build/Intermediates.noindex/BooksBrowser.build/Debug-iphonesimulator/BooksBrowser-4ffbb5777bd044cac22ff332985463c8-VFS-iphonesimulator/all-product-headers.yaml -Xcc -iquote -Xcc /Users/chenliangyu/Library/Developer/Xcode/DerivedData/BooksBrowser-dlrvnwnsktodgveyejdjreelllgw/Build/Intermediates.noindex/BooksBrowser.build/Debug-iphonesimulator/BooksBrowser.build/BooksBrowser-project-headers.hmap -Xcc -I/Users/chenliangyu/Library/Developer/Xcode/DerivedData/BooksBrowser-dlrvnwnsktodgveyejdjreelllgw/SourcePackages/checkouts/swift-atomics/Sources/_AtomicsShims/include -Xcc -I/Users/chenliangyu/Library/Developer/Xcode/DerivedData/BooksBrowser-dlrvnwnsktodgveyejdjreelllgw/SourcePackages/checkouts/Zip/Zip/minizip/include -Xcc -I/Users/chenliangyu/Library/Developer/Xcode/DerivedData/BooksBrowser-dlrvnwnsktodgveyejdjreelllgw/SourcePackages/checkouts/GCDWebServer/GCDWebServer/include -Xcc -I/Users/chenliangyu/Library/Developer/Xcode/DerivedData/BooksBrowser-dlrvnwnsktodgveyejdjreelllgw/Build/Products/Debug-iphonesimulator/include -Xcc -I/Users/chenliangyu/Library/Developer/Xcode/DerivedData/BooksBrowser-dlrvnwnsktodgveyejdjreelllgw/Build/Intermediates.noindex/BooksBrowser.build/Debug-iphonesimulator/BooksBrowser.build/DerivedSources-normal/arm64 -Xcc -I/Users/chenliangyu/Library/Developer/Xcode/DerivedData/BooksBrowser-dlrvnwnsktodgveyejdjreelllgw/Build/Intermediates.noindex/BooksBrowser.build/Debug-iphonesimulator/BooksBrowser.build/DerivedSources/arm64 -Xcc -I/Users/chenliangyu/Library/Developer/Xcode/DerivedData/BooksBrowser-dlrvnwnsktodgveyejdjreelllgw/Build/Intermediates.noindex/BooksBrowser.build/Debug-iphonesimulator/BooksBrowser.build/DerivedSources -Xcc -DDEBUG\=1 -no-auto-bridging-header-chaining -module-name BooksBrowser -frontend-parseable-output -disable-clang-spi -target-sdk-version 26.2 -target-sdk-name iphonesimulator26.2 -clang-target arm64-apple-ios26.2-simulator -in-process-plugin-server-path /Applications/Xcode.app/Contents/Developer/Toolchains/XcodeDefault.xctoolchain/usr/lib/swift/host/libSwiftInProcPluginServer.dylib -o /Users/chenliangyu/Library/Developer/Xcode/DerivedData/BooksBrowser-dlrvnwnsktodgveyejdjreelllgw/Build/Intermediates.noindex/BooksBrowser.build/Debug-iphonesimulator/BooksBrowser.build/Objects-normal/arm64/SyncView.o -index-unit-output-path /BooksBrowser.build/Debug-iphonesimulator/BooksBrowser.build/Objects-normal/arm64/SyncView.o -index-store-path /Users/chenliangyu/Library/Developer/Xcode/DerivedData/BooksBrowser-dlrvnwnsktodgveyejdjreelllgw/Index.noindex/DataStore -index-system-modules

SwiftCompile normal arm64 /Users/chenliangyu/Desktop/Development/BooksBrowserWorkspace/booksbrowser_ios/BooksBrowser/Views/Vocabulary/SyncView.swift (in target 'BooksBrowser' from project 'BooksBrowser')
    cd /Users/chenliangyu/Desktop/Development/BooksBrowserWorkspace/booksbrowser_ios
    
/Users/chenliangyu/Desktop/Development/BooksBrowserWorkspace/booksbrowser_ios/BooksBrowser/Views/Vocabulary/SyncView.swift:207:56: error: value of type 'PipelineStep' has no member 'total'
                    if step.status == .running && step.total > 0 {
                                                  ~~~~ ^~~~~
/Users/chenliangyu/Desktop/Development/BooksBrowserWorkspace/booksbrowser_ios/BooksBrowser/Views/Vocabulary/SyncView.swift:317:28: error: value of type 'PipelineStep' has no member 'total'
                steps[idx].total = total
                ~~~~~~~~~~ ^~~~~

ExtractAppIntentsMetadata (in target 'ReadiumNavigator' from project 'Readium')
    cd /Users/chenliangyu/Library/Developer/Xcode/DerivedData/BooksBrowser-dlrvnwnsktodgveyejdjreelllgw/SourcePackages/checkouts/swift-toolkit
    /Applications/Xcode.app/Contents/Developer/Toolchains/XcodeDefault.xctoolchain/usr/bin/appintentsmetadataprocessor --toolchain-dir /Applications/Xcode.app/Contents/Developer/Toolchains/XcodeDefault.xctoolchain --module-name ReadiumNavigator --sdk-root /Applications/Xcode.app/Contents/Developer/Platforms/iPhoneSimulator.platform/Developer/SDKs/iPhoneSimulator26.2.sdk --xcode-version 17C52 --platform-family iOS --deployment-target 15.0 --bundle-identifier swift-toolkit.ReadiumNavigator --output /Users/chenliangyu/Library/Developer/Xcode/DerivedData/BooksBrowser-dlrvnwnsktodgveyejdjreelllgw/Build/Products/Debug-iphonesimulator/ReadiumNavigator.appintents --target-triple arm64-apple-ios15.0-simulator --binary-file /Users/chenliangyu/Library/Developer/Xcode/DerivedData/BooksBrowser-dlrvnwnsktodgveyejdjreelllgw/Build/Products/Debug-iphonesimulator/ReadiumNavigator.o --dependency-file /Users/chenliangyu/Library/Developer/Xcode/DerivedData/BooksBrowser-dlrvnwnsktodgveyejdjreelllgw/Build/Intermediates.noindex/Readium.build/Debug-iphonesimulator/ReadiumNavigator.build/Objects-normal/arm64/ReadiumNavigator_dependency_info.dat --stringsdata-file /Users/chenliangyu/Library/Developer/Xcode/DerivedData/BooksBrowser-dlrvnwnsktodgveyejdjreelllgw/Build/Intermediates.noindex/Readium.build/Debug-iphonesimulator/ReadiumNavigator.build/Objects-normal/arm64/ExtractedAppShortcutsMetadata.stringsdata --source-file-list /Users/chenliangyu/Library/Developer/Xcode/DerivedData/BooksBrowser-dlrvnwnsktodgveyejdjreelllgw/Build/Intermediates.noindex/Readium.build/Debug-iphonesimulator/ReadiumNavigator.build/Objects-normal/arm64/ReadiumNavigator.SwiftFileList --metadata-file-list /Users/chenliangyu/Library/Developer/Xcode/DerivedData/BooksBrowser-dlrvnwnsktodgveyejdjreelllgw/Build/Intermediates.noindex/Readium.build/Debug-iphonesimulator/ReadiumNavigator.build/ReadiumNavigator.DependencyMetadataFileList --static-metadata-file-list /Users/chenliangyu/Library/Developer/Xcode/DerivedData/BooksBrowser-dlrvnwnsktodgveyejdjreelllgw/Build/Intermediates.noindex/Readium.build/Debug-iphonesimulator/ReadiumNavigator.build/ReadiumNavigator.DependencyStaticMetadataFileList --swift-const-vals-list /Users/chenliangyu/Library/Developer/Xcode/DerivedData/BooksBrowser-dlrvnwnsktodgveyejdjreelllgw/Build/Intermediates.noindex/Readium.build/Debug-iphonesimulator/ReadiumNavigator.build/Objects-normal/arm64/ReadiumNavigator.SwiftConstValuesFileList --force --compile-time-extraction --deployment-aware-processing --validate-assistant-intents --no-app-shortcuts-localization
2026-02-27 12:11:02.115 appintentsmetadataprocessor[43517:24378726] Starting appintentsmetadataprocessor export
2026-02-27 12:11:02.230 appintentsmetadataprocessor[43517:24378726] Extracted no relevant App Intents symbols, skipping writing output

RegisterExecutionPolicyException /Users/chenliangyu/Library/Developer/Xcode/DerivedData/BooksBrowser-dlrvnwnsktodgveyejdjreelllgw/Build/Products/Debug-iphonesimulator/ReadiumAdapterGCDWebServer.o (in target 'ReadiumAdapterGCDWebServer' from project 'Readium')
    cd /Users/chenliangyu/Library/Developer/Xcode/DerivedData/BooksBrowser-dlrvnwnsktodgveyejdjreelllgw/SourcePackages/checkouts/swift-toolkit
    builtin-RegisterExecutionPolicyException /Users/chenliangyu/Library/Developer/Xcode/DerivedData/BooksBrowser-dlrvnwnsktodgveyejdjreelllgw/Build/Products/Debug-iphonesimulator/ReadiumAdapterGCDWebServer.o

RegisterExecutionPolicyException /Users/chenliangyu/Library/Developer/Xcode/DerivedData/BooksBrowser-dlrvnwnsktodgveyejdjreelllgw/Build/Products/Debug-iphonesimulator/ReadiumStreamer.o (in target 'ReadiumStreamer' from project 'Readium')
    cd /Users/chenliangyu/Library/Developer/Xcode/DerivedData/BooksBrowser-dlrvnwnsktodgveyejdjreelllgw/SourcePackages/checkouts/swift-toolkit
    builtin-RegisterExecutionPolicyException /Users/chenliangyu/Library/Developer/Xcode/DerivedData/BooksBrowser-dlrvnwnsktodgveyejdjreelllgw/Build/Products/Debug-iphonesimulator/ReadiumStreamer.o

RegisterExecutionPolicyException /Users/chenliangyu/Library/Developer/Xcode/DerivedData/BooksBrowser-dlrvnwnsktodgveyejdjreelllgw/Build/Products/Debug-iphonesimulator/ReadiumNavigator.o (in target 'ReadiumNavigator' from project 'Readium')
    cd /Users/chenliangyu/Library/Developer/Xcode/DerivedData/BooksBrowser-dlrvnwnsktodgveyejdjreelllgw/SourcePackages/checkouts/swift-toolkit
    builtin-RegisterExecutionPolicyException /Users/chenliangyu/Library/Developer/Xcode/DerivedData/BooksBrowser-dlrvnwnsktodgveyejdjreelllgw/Build/Products/Debug-iphonesimulator/ReadiumNavigator.o

Ld /Users/chenliangyu/Library/Developer/Xcode/DerivedData/BooksBrowser-dlrvnwnsktodgveyejdjreelllgw/Build/Products/Debug-iphonesimulator/BooksBrowser.app/__preview.dylib normal (in target 'BooksBrowser' from project 'BooksBrowser')
    cd /Users/chenliangyu/Desktop/Development/BooksBrowserWorkspace/booksbrowser_ios
    /Applications/Xcode.app/Contents/Developer/Toolchains/XcodeDefault.xctoolchain/usr/bin/clang -Xlinker -reproducible -target arm64-apple-ios26.0-simulator -dynamiclib -isysroot /Applications/Xcode.app/Contents/Developer/Platforms/iPhoneSimulator.platform/Developer/SDKs/iPhoneSimulator26.2.sdk -O0 -L/Users/chenliangyu/Library/Developer/Xcode/DerivedData/BooksBrowser-dlrvnwnsktodgveyejdjreelllgw/Build/Products/Debug-iphonesimulator -F/Users/chenliangyu/Library/Developer/Xcode/DerivedData/BooksBrowser-dlrvnwnsktodgveyejdjreelllgw/Build/Products/Debug-iphonesimulator/PackageFrameworks -F/Users/chenliangyu/Library/Developer/Xcode/DerivedData/BooksBrowser-dlrvnwnsktodgveyejdjreelllgw/Build/Products/Debug-iphonesimulator/PackageFrameworks -F/Users/chenliangyu/Library/Developer/Xcode/DerivedData/BooksBrowser-dlrvnwnsktodgveyejdjreelllgw/Build/Products/Debug-iphonesimulator/PackageFrameworks -F/Users/chenliangyu/Library/Developer/Xcode/DerivedData/BooksBrowser-dlrvnwnsktodgveyejdjreelllgw/Build/Products/Debug-iphonesimulator/PackageFrameworks -F/Users/chenliangyu/Library/Developer/Xcode/DerivedData/BooksBrowser-dlrvnwnsktodgveyejdjreelllgw/Build/Products/Debug-iphonesimulator/PackageFrameworks -F/Users/chenliangyu/Library/Developer/Xcode/DerivedData/BooksBrowser-dlrvnwnsktodgveyejdjreelllgw/Build/Products/Debug-iphonesimulator/PackageFrameworks -F/Users/chenliangyu/Library/Developer/Xcode/DerivedData/BooksBrowser-dlrvnwnsktodgveyejdjreelllgw/Build/Products/Debug-iphonesimulator/PackageFrameworks -F/Users/chenliangyu/Library/Developer/Xcode/DerivedData/BooksBrowser-dlrvnwnsktodgveyejdjreelllgw/Build/Products/Debug-iphonesimulator/PackageFrameworks -F/Users/chenliangyu/Library/Developer/Xcode/DerivedData/BooksBrowser-dlrvnwnsktodgveyejdjreelllgw/Build/Products/Debug-iphonesimulator/PackageFrameworks -F/Users/chenliangyu/Library/Developer/Xcode/DerivedData/BooksBrowser-dlrvnwnsktodgveyejdjreelllgw/Build/Products/Debug-iphonesimulator/PackageFrameworks -F/Users/chenliangyu/Library/Developer/Xcode/DerivedData/BooksBrowser-dlrvnwnsktodgveyejdjreelllgw/Build/Products/Debug-iphonesimulator/PackageFrameworks -F/Users/chenliangyu/Library/Developer/Xcode/DerivedData/BooksBrowser-dlrvnwnsktodgveyejdjreelllgw/Build/Products/Debug-iphonesimulator/PackageFrameworks -F/Users/chenliangyu/Library/Developer/Xcode/DerivedData/BooksBrowser-dlrvnwnsktodgveyejdjreelllgw/Build/Products/Debug-iphonesimulator/PackageFrameworks -F/Users/chenliangyu/Library/Developer/Xcode/DerivedData/BooksBrowser-dlrvnwnsktodgveyejdjreelllgw/Build/Products/Debug-iphonesimulator/PackageFrameworks -F/Users/chenliangyu/Library/Developer/Xcode/DerivedData/BooksBrowser-dlrvnwnsktodgveyejdjreelllgw/Build/Products/Debug-iphonesimulator/PackageFrameworks -F/Users/chenliangyu/Library/Developer/Xcode/DerivedData/BooksBrowser-dlrvnwnsktodgveyejdjreelllgw/Build/Products/Debug-iphonesimulator/PackageFrameworks -F/Users/chenliangyu/Library/Developer/Xcode/DerivedData/BooksBrowser-dlrvnwnsktodgveyejdjreelllgw/Build/Products/Debug-iphonesimulator -install_name @rpath/BooksBrowser.debug.dylib -dead_strip -rdynamic -Xlinker -no_deduplicate -Xlinker -objc_abi_version -Xlinker 2 -Xlinker -debug_variant -Xlinker -dependency_info -Xlinker /Users/chenliangyu/Library/Developer/Xcode/DerivedData/BooksBrowser-dlrvnwnsktodgveyejdjreelllgw/Build/Intermediates.noindex/BooksBrowser.build/Debug-iphonesimulator/BooksBrowser.build/Objects-normal/arm64/BooksBrowser_dependency_info.dat -Xlinker -sectcreate -Xlinker __TEXT -Xlinker __entitlements -Xlinker /Users/chenliangyu/Library/Developer/Xcode/DerivedData/BooksBrowser-dlrvnwnsktodgveyejdjreelllgw/Build/Intermediates.noindex/BooksBrowser.build/Debug-iphonesimulator/BooksBrowser.build/BooksBrowser.app-Simulated.xcent -Xlinker -sectcreate -Xlinker __TEXT -Xlinker __ents_der -Xlinker /Users/chenliangyu/Library/Developer/Xcode/DerivedData/BooksBrowser-dlrvnwnsktodgveyejdjreelllgw/Build/Intermediates.noindex/BooksBrowser.build/Debug-iphonesimulator/BooksBrowser.build/BooksBrowser.app-Simulated.xcent.der -Xlinker -no_adhoc_codesign -o /Users/chenliangyu/Library/Developer/Xcode/DerivedData/BooksBrowser-dlrvnwnsktodgveyejdjreelllgw/Build/Products/Debug-iphonesimulator/BooksBrowser.app/__preview.dylib

ProcessInfoPlistFile /Users/chenliangyu/Library/Developer/Xcode/DerivedData/BooksBrowser-dlrvnwnsktodgveyejdjreelllgw/Build/Products/Debug-iphonesimulator/BooksBrowser.app/Info.plist /Users/chenliangyu/Desktop/Development/BooksBrowserWorkspace/booksbrowser_ios/Info.plist (in target 'BooksBrowser' from project 'BooksBrowser')
    cd /Users/chenliangyu/Desktop/Development/BooksBrowserWorkspace/booksbrowser_ios
    builtin-infoPlistUtility /Users/chenliangyu/Desktop/Development/BooksBrowserWorkspace/booksbrowser_ios/Info.plist -producttype com.apple.product-type.application -genpkginfo /Users/chenliangyu/Library/Developer/Xcode/DerivedData/BooksBrowser-dlrvnwnsktodgveyejdjreelllgw/Build/Products/Debug-iphonesimulator/BooksBrowser.app/PkgInfo -expandbuildsettings -format binary -platform iphonesimulator -additionalcontentfile /Users/chenliangyu/Library/Developer/Xcode/DerivedData/BooksBrowser-dlrvnwnsktodgveyejdjreelllgw/Build/Intermediates.noindex/BooksBrowser.build/Debug-iphonesimulator/BooksBrowser.build/assetcatalog_generated_info.plist -scanforprivacyfile /Users/chenliangyu/Library/Developer/Xcode/DerivedData/BooksBrowser-dlrvnwnsktodgveyejdjreelllgw/Build/Products/Debug-iphonesimulator/BooksBrowser.app/CryptoSwift_CryptoSwift.bundle -scanforprivacyfile /Users/chenliangyu/Library/Developer/Xcode/DerivedData/BooksBrowser-dlrvnwnsktodgveyejdjreelllgw/Build/Products/Debug-iphonesimulator/BooksBrowser.app/ReadiumZIPFoundation_ReadiumZIPFoundation.bundle -scanforprivacyfile /Users/chenliangyu/Library/Developer/Xcode/DerivedData/BooksBrowser-dlrvnwnsktodgveyejdjreelllgw/Build/Products/Debug-iphonesimulator/BooksBrowser.app/Readium_ReadiumNavigator.bundle -scanforprivacyfile /Users/chenliangyu/Library/Developer/Xcode/DerivedData/BooksBrowser-dlrvnwnsktodgveyejdjreelllgw/Build/Products/Debug-iphonesimulator/BooksBrowser.app/Readium_ReadiumShared.bundle -scanforprivacyfile /Users/chenliangyu/Library/Developer/Xcode/DerivedData/BooksBrowser-dlrvnwnsktodgveyejdjreelllgw/Build/Products/Debug-iphonesimulator/BooksBrowser.app/Readium_ReadiumStreamer.bundle -o /Users/chenliangyu/Library/Developer/Xcode/DerivedData/BooksBrowser-dlrvnwnsktodgveyejdjreelllgw/Build/Products/Debug-iphonesimulator/BooksBrowser.app/Info.plist

SwiftDriverJobDiscovery normal arm64 Compiling GeneratedAssetSymbols.swift (in target 'BooksBrowser' from project 'BooksBrowser')

** BUILD FAILED **


The following build commands failed:
	SwiftCompile normal arm64 Compiling\ SyncView.swift /Users/chenliangyu/Desktop/Development/BooksBrowserWorkspace/booksbrowser_ios/BooksBrowser/Views/Vocabulary/SyncView.swift (in target 'BooksBrowser' from project 'BooksBrowser')
	SwiftCompile normal arm64 /Users/chenliangyu/Desktop/Development/BooksBrowserWorkspace/booksbrowser_ios/BooksBrowser/Views/Vocabulary/SyncView.swift (in target 'BooksBrowser' from project 'BooksBrowser')
	Building project BooksBrowser with scheme BooksBrowser
(3 failures)
